,日期,最高气温,最低气温
0,2021-01-01,9.0,2.0
1,2021-01-02,7.0,3.0
2,2021-01-03,11.0,3.0
3,2021-01-04,5.0,4.0
4,2021-01-05,10.0,3.0
5,2021-01-06,7.0,0.0
6,2021-01-07,4.0,0.0
7,2021-01-08,4.0,0.0
8,2021-01-09,4.0,1.0
9,2021-01-10,5.0,0.0
10,2021-01-11,8.0,-2.0
11,2021-01-12,10.0,-1.0
12,2021-01-13,11.0,0.0
13,2021-01-14,12.0,2.0
14,2021-01-15,14.0,3.0
15,2021-01-16,9.0,4.0
16,2021-01-17,11.0,0.0
17,2021-01-18,11.0,1.0
18,2021-01-19,10.0,3.0
19,2021-01-20,10.0,6.0
20,2021-01-21,15.0,4.0
21,2021-01-22,17.0,5.0
22,2021-01-23,14.0,8.0
23,2021-01-24,11.0,7.0
24,2021-01-25,10.0,5.0
25,2021-01-26,14.0,6.0
26,2021-01-27,13.0,5.0
27,2021-01-28,14.0,6.0
28,2021-02-01,17.0,6.0
29,2021-02-02,8.0,-1.0
30,2021-02-03,15.0,9.0
31,2021-02-04,12.0,8.0
32,2021-02-05,18.0,6.0
33,2021-02-06,17.0,6.0
34,2021-02-07,20.0,6.0
35,2021-02-08,18.0,8.0
36,2021-02-09,18.0,9.0
37,2021-02-10,19.0,9.0
38,2021-02-11,19.0,8.0
39,2021-02-12,20.0,9.0
40,2021-02-13,19.0,8.0
41,2021-02-14,20.0,9.0
42,2021-02-15,16.0,9.0
43,2021-02-16,21.0,9.0
44,2021-02-17,19.0,9.0
45,2021-02-18,18.0,10.0
46,2021-02-19,21.0,9.0
47,2021-02-20,22.0,10.0
48,2021-02-21,24.0,11.0
49,2021-02-22,16.0,5.0
50,2021-02-23,25.0,15.0
51,2021-02-24,22.0,12.0
52,2021-02-25,15.0,9.0
53,2021-02-26,13.0,8.0
54,2021-02-27,12.0,7.0
55,2021-02-28,11.0,8.0
56,2021-03-01,16.0,8.0
57,2021-03-02,16.0,8.0
58,2021-03-03,17.0,7.0
59,2021-03-04,15.0,9.0
60,2021-03-05,18.0,11.0
61,2021-03-06,19.0,9.0
62,2021-03-07,15.0,9.0
63,2021-03-08,14.0,11.0
64,2021-03-09,15.0,10.0
65,2021-03-10,16.0,11.0
66,2021-03-11,19.0,12.0
67,2021-03-12,19.0,13.0
68,2021-03-13,23.0,14.0
69,2021-03-14,20.0,13.0
70,2021-03-15,26.0,15.0
71,2021-03-16,26.0,17.0
72,2021-03-17,22.0,14.0
73,2021-03-18,24.0,13.0
74,2021-03-19,17.0,9.0
75,2021-03-20,13.0,6.0
76,2021-03-21,14.0,6.0
77,2021-03-22,16.0,6.0
78,2021-03-23,20.0,9.0
79,2021-03-24,18.0,13.0
80,2021-03-25,17.0,12.0
81,2021-03-26,21.0,12.0
82,2021-03-27,27.0,12.0
83,2021-03-28,27.0,15.0
84,2021-04-01,18.0,11.0
85,2021-04-02,19.0,11.0
86,2021-04-03,21.0,10.0
87,2021-04-04,18.0,10.0
88,2021-04-05,18.0,12.0
89,2021-04-06,17.0,13.0
90,2021-04-07,23.0,13.0
91,2021-04-08,21.0,13.0
92,2021-04-09,17.0,12.0
93,2021-04-10,15.0,12.0
94,2021-04-11,18.0,12.0
95,2021-04-12,20.0,14.0
96,2021-04-13,20.0,12.0
97,2021-04-14,18.0,11.0
98,2021-04-15,23.0,9.0
99,2021-04-16,24.0,14.0
100,2021-04-17,18.0,15.0
101,2021-04-18,16.0,13.0
102,2021-04-19,18.0,15.0
103,2021-04-20,23.0,15.0
104,2021-04-21,25.0,16.0
105,2021-04-22,25.0,17.0
106,2021-04-23,28.0,17.0
107,2021-04-24,23.0,15.0
108,2021-04-25,23.0,14.0
109,2021-04-26,26.0,15.0
110,2021-04-27,27.0,14.0
111,2021-04-28,24.0,12.0
112,2021-05-01,34.0,20.0
113,2021-05-02,32.0,18.0
114,2021-05-03,28.0,15.0
115,2021-05-04,21.0,14.0
116,2021-05-05,22.0,15.0
117,2021-05-06,22.0,16.0
118,2021-05-07,27.0,17.0
119,2021-05-08,30.0,18.0
120,2021-05-09,31.0,21.0
121,2021-05-10,26.0,20.0
122,2021-05-11,30.0,20.0
123,2021-05-12,26.0,19.0
124,2021-05-13,26.0,20.0
125,2021-05-14,26.0,18.0
126,2021-05-15,25.0,17.0
127,2021-05-16,27.0,16.0
128,2021-05-17,26.0,16.0
129,2021-05-18,25.0,17.0
130,2021-05-19,25.0,17.0
131,2021-05-20,25.0,16.0
132,2021-05-21,24.0,18.0
133,2021-05-22,23.0,17.0
134,2021-05-23,21.0,16.0
135,2021-05-24,28.0,17.0
136,2021-05-25,19.0,16.0
137,2021-05-26,22.0,17.0
138,2021-05-27,27.0,19.0
139,2021-05-28,30.0,19.0
140,2021-06-01,29.0,20.0
141,2021-06-02,28.0,19.0
142,2021-06-03,24.0,16.0
143,2021-06-04,32.0,18.0
144,2021-06-05,33.0,18.0
145,2021-06-06,30.0,21.0
146,2021-06-07,26.0,20.0
147,2021-06-08,24.0,19.0
148,2021-06-09,23.0,19.0
149,2021-06-10,29.0,19.0
150,2021-06-11,29.0,20.0
151,2021-06-12,27.0,23.0
152,2021-06-13,27.0,23.0
153,2021-06-14,29.0,22.0
154,2021-06-15,29.0,23.0
155,2021-06-16,27.0,20.0
156,2021-06-17,27.0,18.0
157,2021-06-18,23.0,20.0
158,2021-06-19,29.0,21.0
159,2021-06-20,31.0,21.0
160,2021-06-21,30.0,22.0
161,2021-06-22,35.0,23.0
162,2021-06-23,29.0,23.0
163,2021-06-24,23.0,20.0
164,2021-06-25,26.0,21.0
165,2021-06-26,28.0,23.0
166,2021-06-27,33.0,24.0
167,2021-06-28,32.0,24.0
168,2021-07-01,32.0,23.0
169,2021-07-02,27.0,20.0
170,2021-07-03,34.0,22.0
171,2021-07-04,33.0,23.0
172,2021-07-05,27.0,24.0
173,2021-07-06,31.0,24.0
174,2021-07-07,33.0,24.0
175,2021-07-08,31.0,23.0
176,2021-07-09,29.0,23.0
177,2021-07-10,28.0,22.0
178,2021-07-11,32.0,23.0
179,2021-07-12,33.0,24.0
180,2021-07-13,34.0,25.0
181,2021-07-14,34.0,23.0
182,2021-07-15,25.0,23.0
183,2021-07-16,26.0,23.0
184,2021-07-17,34.0,23.0
185,2021-07-18,33.0,23.0
186,2021-07-19,32.0,23.0
187,2021-07-20,30.0,23.0
188,2021-07-21,34.0,24.0
189,2021-07-22,32.0,24.0
190,2021-07-23,33.0,23.0
191,2021-07-24,28.0,23.0
192,2021-07-25,32.0,23.0
193,2021-07-26,30.0,25.0
194,2021-07-27,34.0,21.0
195,2021-07-28,36.0,24.0
196,2021-08-01,34.0,24.0
197,2021-08-02,40.0,25.0
198,2021-08-03,37.0,24.0
199,2021-08-04,33.0,25.0
200,2021-08-05,25.0,22.0
201,2021-08-06,33.0,24.0
202,2021-08-07,29.0,24.0
203,2021-08-08,29.0,22.0
204,2021-08-09,35.0,26.0
205,2021-08-10,35.0,24.0
206,2021-08-11,31.0,22.0
207,2021-08-12,25.0,21.0
208,2021-08-13,30.0,22.0
209,2021-08-14,30.0,22.0
210,2021-08-15,30.0,22.0
211,2021-08-16,24.0,21.0
212,2021-08-17,25.0,22.0
213,2021-08-18,27.0,23.0
214,2021-08-19,32.0,24.0
215,2021-08-20,32.0,24.0
216,2021-08-21,33.0,22.0
217,2021-08-22,26.0,21.0
218,2021-08-23,34.0,20.0
219,2021-08-24,32.0,21.0
220,2021-08-25,23.0,18.0
221,2021-08-26,22.0,18.0
222,2021-08-27,27.0,19.0
223,2021-08-28,22.0,20.0
224,2021-09-01,30.0,22.0
225,2021-09-02,29.0,23.0
226,2021-09-03,28.0,21.0
227,2021-09-04,27.0,21.0
228,2021-09-05,29.0,20.0
229,2021-09-06,29.0,20.0
230,2021-09-07,28.0,19.0
231,2021-09-08,27.0,19.0
232,2021-09-09,29.0,20.0
233,2021-09-10,30.0,22.0
234,2021-09-11,29.0,23.0
235,2021-09-12,31.0,22.0
236,2021-09-13,26.0,21.0
237,2021-09-14,23.0,21.0
238,2021-09-15,23.0,20.0
239,2021-09-16,32.0,21.0
240,2021-09-17,25.0,20.0
241,2021-09-18,20.0,18.0
242,2021-09-19,31.0,17.0
243,2021-09-20,31.0,19.0
244,2021-09-21,31.0,22.0
245,2021-09-22,31.0,22.0
246,2021-09-23,26.0,22.0
247,2021-09-24,28.0,22.0
248,2021-09-25,27.0,21.0
249,2021-09-26,25.0,18.0
250,2021-09-27,26.0,19.0
251,2021-09-28,30.0,18.0
252,2021-10-01,27.0,21.0
253,2021-10-02,30.0,23.0
254,2021-10-03,31.0,20.0
255,2021-10-04,23.0,17.0
256,2021-10-05,20.0,18.0
257,2021-10-06,18.0,16.0
258,2021-10-07,22.0,16.0
259,2021-10-08,21.0,17.0
260,2021-10-09,20.0,15.0
261,2021-10-10,16.0,13.0
262,2021-10-11,20.0,14.0
263,2021-10-12,17.0,15.0
264,2021-10-13,20.0,14.0
265,2021-10-14,22.0,13.0
266,2021-10-15,17.0,13.0
267,2021-10-16,19.0,12.0
268,2021-10-17,16.0,12.0
269,2021-10-18,18.0,13.0
270,2021-10-19,16.0,13.0
271,2021-10-20,17.0,12.0
272,2021-10-21,16.0,12.0
273,2021-10-22,16.0,12.0
274,2021-10-23,17.0,13.0
275,2021-10-24,18.0,14.0
276,2021-10-25,16.0,13.0
277,2021-10-26,19.0,14.0
278,2021-10-27,20.0,7.0
279,2021-10-28,16.0,13.0
280,2021-11-01,17.0,12.0
281,2021-11-02,15.0,13.0
282,2021-11-03,16.0,12.0
283,2021-11-04,18.0,13.0
284,2021-11-05,20.0,13.0
285,2021-11-06,17.0,7.0
286,2021-11-07,7.0,4.0
287,2021-11-08,12.0,6.0
288,2021-11-09,15.0,6.0
289,2021-11-10,15.0,8.0
290,2021-11-11,14.0,6.0
291,2021-11-12,16.0,4.0
292,2021-11-13,13.0,8.0
293,2021-11-14,14.0,8.0
294,2021-11-15,13.0,9.0
295,2021-11-16,13.0,8.0
296,2021-11-17,16.0,6.0
297,2021-11-18,15.0,9.0
298,2021-11-19,16.0,12.0
299,2021-11-20,15.0,11.0
300,2021-11-21,13.0,0.0
301,2021-11-22,12.0,7.0
302,2021-11-23,15.0,6.0
303,2021-11-24,15.0,7.0
304,2021-11-25,15.0,10.0
305,2021-11-26,13.0,10.0
306,2021-11-27,12.0,9.0
307,2021-11-28,14.0,2.0
308,2021-12-01,17.0,5.0
309,2021-12-02,17.0,5.0
310,2021-12-03,16.0,9.0
311,2021-12-04,16.0,5.0
312,2021-12-05,18.0,7.0
313,2021-12-06,13.0,10.0
314,2021-12-07,11.0,7.0
315,2021-12-08,12.0,5.0
316,2021-12-09,13.0,10.0
317,2021-12-10,10.0,8.0
318,2021-12-11,12.0,8.0
319,2021-12-12,15.0,7.0
320,2021-12-13,13.0,6.0
321,2021-12-14,11.0,9.0
322,2021-12-15,11.0,6.0
323,2021-12-16,13.0,7.0
324,2021-12-17,9.0,5.0
325,2021-12-18,11.0,4.0
326,2021-12-19,11.0,5.0
327,2021-12-20,14.0,4.0
328,2021-12-21,12.0,6.0
329,2021-12-22,12.0,7.0
330,2021-12-23,11.0,6.0
331,2021-12-24,15.0,5.0
332,2021-12-25,9.0,2.0
333,2021-12-26,4.0,1.0
334,2021-12-27,4.0,1.0
335,2021-12-28,4.0,0.0
336,2020-01-01,11.0,6.0
337,2020-01-02,12.0,6.0
338,2020-01-03,13.0,5.0
339,2020-01-04,11.0,7.0
340,2020-01-05,11.0,7.0
341,2020-01-06,10.0,6.0
342,2020-01-07,12.0,4.0
343,2020-01-08,11.0,5.0
344,2020-01-09,9.0,6.0
345,2020-01-10,9.0,3.0
346,2020-01-11,12.0,3.0
347,2020-01-12,11.0,5.0
348,2020-01-13,10.0,6.0
349,2020-01-14,8.0,6.0
350,2020-01-15,9.0,5.0
351,2020-01-16,10.0,6.0
352,2020-01-17,9.0,5.0
353,2020-01-18,8.0,5.0
354,2020-01-19,11.0,4.0
355,2020-01-20,10.0,5.0
356,2020-01-21,11.0,5.0
357,2020-01-22,11.0,6.0
358,2020-01-23,12.0,7.0
359,2020-01-24,10.0,6.0
360,2020-01-25,11.0,5.0
361,2020-01-26,8.0,4.0
362,2020-01-27,7.0,4.0
363,2020-01-28,8.0,4.0
364,2020-02-01,10.0,5.0
365,2020-02-02,11.0,6.0
366,2020-02-03,12.0,5.0
367,2020-02-04,11.0,6.0
368,2020-02-05,10.0,6.0
369,2020-02-06,12.0,6.0
370,2020-02-07,11.0,7.0
371,2020-02-08,12.0,6.0
372,2020-02-09,14.0,6.0
373,2020-02-10,14.0,7.0
374,2020-02-11,15.0,8.0
375,2020-02-12,16.0,9.0
376,2020-02-13,17.0,10.0
377,2020-02-14,15.0,10.0
378,2020-02-15,11.0,3.0
379,2020-02-16,13.0,1.0
380,2020-02-17,12.0,4.0
381,2020-02-18,11.0,4.0
382,2020-02-19,13.0,6.0
383,2020-02-20,13.0,6.0
384,2020-02-21,16.0,7.0
385,2020-02-22,15.0,9.0
386,2020-02-23,15.0,9.0
387,2020-02-24,17.0,9.0
388,2020-02-25,19.0,11.0
389,2020-02-26,20.0,13.0
390,2020-02-27,17.0,13.0
391,2020-02-28,20.0,11.0
392,2020-03-01,18.0,13.0
393,2020-03-02,12.0,10.0
394,2020-03-03,16.0,9.0
395,2020-03-04,17.0,9.0
396,2020-03-05,15.0,10.0
397,2020-03-06,16.0,9.0
398,2020-03-07,19.0,12.0
399,2020-03-08,19.0,12.0
400,2020-03-09,18.0,11.0
401,2020-03-10,18.0,8.0
402,2020-03-11,16.0,10.0
403,2020-03-12,18.0,10.0
404,2020-03-13,19.0,12.0
405,2020-03-14,19.0,11.0
406,2020-03-15,17.0,11.0
407,2020-03-16,14.0,11.0
408,2020-03-17,22.0,11.0
409,2020-03-18,22.0,11.0
410,2020-03-19,26.0,12.0
411,2020-03-20,25.0,13.0
412,2020-03-21,26.0,14.0
413,2020-03-22,26.0,14.0
414,2020-03-23,26.0,14.0
415,2020-03-24,23.0,15.0
416,2020-03-25,25.0,16.0
417,2020-03-26,21.0,16.0
418,2020-03-27,17.0,13.0
419,2020-03-28,14.0,9.0
420,2020-04-01,19.0,11.0
421,2020-04-02,15.0,6.0
422,2020-04-03,13.0,10.0
423,2020-04-04,14.0,9.0
424,2020-04-05,16.0,10.0
425,2020-04-06,17.0,10.0
426,2020-04-07,20.0,12.0
427,2020-04-08,24.0,12.0
428,2020-04-09,24.0,13.0
429,2020-04-10,23.0,13.0
430,2020-04-11,22.0,13.0
431,2020-04-12,22.0,11.0
432,2020-04-13,17.0,12.0
433,2020-04-14,22.0,11.0
434,2020-04-15,24.0,13.0
435,2020-04-16,27.0,16.0
436,2020-04-17,25.0,17.0
437,2020-04-18,24.0,16.0
438,2020-04-19,21.0,15.0
439,2020-04-20,22.0,14.0
440,2020-04-21,17.0,12.0
441,2020-04-22,16.0,10.0
442,2020-04-23,16.0,9.0
443,2020-04-24,23.0,11.0
444,2020-04-25,23.0,11.0
445,2020-04-26,28.0,13.0
446,2020-04-27,31.0,15.0
447,2020-04-28,30.0,16.0
448,2020-05-01,31.0,17.0
449,2020-05-02,34.0,19.0
450,2020-05-03,36.0,22.0
451,2020-05-04,31.0,21.0
452,2020-05-05,31.0,21.0
453,2020-05-06,30.0,21.0
454,2020-05-07,27.0,21.0
455,2020-05-08,27.0,18.0
456,2020-05-09,24.0,16.0
457,2020-05-10,28.0,14.0
458,2020-05-11,28.0,16.0
459,2020-05-12,26.0,15.0
460,2020-05-13,25.0,15.0
461,2020-05-14,28.0,17.0
462,2020-05-15,30.0,17.0
463,2020-05-16,30.0,19.0
464,2020-05-17,35.0,21.0
465,2020-05-18,34.0,20.0
466,2020-05-19,32.0,20.0
467,2020-05-20,28.0,20.0
468,2020-05-21,26.0,19.0
469,2020-05-22,32.0,21.0
470,2020-05-23,31.0,20.0
471,2020-05-24,27.0,18.0
472,2020-05-25,25.0,16.0
473,2020-05-26,26.0,17.0
474,2020-05-27,23.0,16.0
475,2020-05-28,25.0,16.0
476,2020-06-01,28.0,21.0
477,2020-06-02,25.0,20.0
478,2020-06-03,30.0,19.0
479,2020-06-04,29.0,19.0
480,2020-06-05,33.0,19.0
481,2020-06-06,32.0,21.0
482,2020-06-07,28.0,21.0
483,2020-06-08,25.0,21.0
484,2020-06-09,31.0,20.0
485,2020-06-10,29.0,19.0
486,2020-06-11,29.0,22.0
487,2020-06-12,30.0,22.0
488,2020-06-13,31.0,23.0
489,2020-06-14,33.0,23.0
490,2020-06-15,31.0,23.0
491,2020-06-16,30.0,23.0
492,2020-06-17,26.0,20.0
493,2020-06-18,31.0,22.0
494,2020-06-19,30.0,21.0
495,2020-06-20,28.0,22.0
496,2020-06-21,28.0,21.0
497,2020-06-22,28.0,22.0
498,2020-06-23,31.0,23.0
499,2020-06-24,33.0,22.0
500,2020-06-25,35.0,23.0
501,2020-06-26,31.0,21.0
502,2020-06-27,28.0,20.0
503,2020-06-28,31.0,23.0
504,2020-07-01,28.0,23.0
505,2020-07-02,34.0,21.0
506,2020-07-03,33.0,24.0
507,2020-07-04,27.0,23.0
508,2020-07-05,29.0,23.0
509,2020-07-06,30.0,23.0
510,2020-07-07,32.0,23.0
511,2020-07-08,32.0,25.0
512,2020-07-09,32.0,25.0
513,2020-07-10,26.0,23.0
514,2020-07-11,28.0,22.0
515,2020-07-12,31.0,22.0
516,2020-07-13,30.0,24.0
517,2020-07-14,31.0,24.0
518,2020-07-15,28.0,24.0
519,2020-07-16,27.0,22.0
520,2020-07-17,34.0,24.0
521,2020-07-18,31.0,23.0
522,2020-07-19,33.0,22.0
523,2020-07-20,29.0,23.0
524,2020-07-21,25.0,20.0
525,2020-07-22,29.0,22.0
526,2020-07-23,31.0,23.0
527,2020-07-24,30.0,23.0
528,2020-07-25,27.0,22.0
529,2020-07-26,34.0,21.0
530,2020-07-27,33.0,23.0
531,2020-07-28,34.0,23.0
532,2020-08-01,29.0,23.0
533,2020-08-02,29.0,23.0
534,2020-08-03,32.0,23.0
535,2020-08-04,33.0,23.0
536,2020-08-05,33.0,26.0
537,2020-08-06,34.0,26.0
538,2020-08-07,28.0,25.0
539,2020-08-08,34.0,24.0
540,2020-08-09,35.0,24.0
541,2020-08-10,34.0,25.0
542,2020-08-11,27.0,24.0
543,2020-08-12,26.0,21.0
544,2020-08-13,25.0,20.0
545,2020-08-14,31.0,22.0
546,2020-08-15,26.0,22.0
547,2020-08-16,25.0,22.0
548,2020-08-17,26.0,21.0
549,2020-08-18,23.0,19.0
550,2020-08-19,26.0,19.0
551,2020-08-20,28.0,20.0
552,2020-08-21,30.0,21.0
553,2020-08-22,27.0,23.0
554,2020-08-23,28.0,23.0
555,2020-08-24,30.0,19.0
556,2020-08-25,31.0,21.0
557,2020-08-26,33.0,22.0
558,2020-08-27,32.0,22.0
559,2020-08-28,32.0,23.0
560,2020-09-01,28.0,21.0
561,2020-09-02,32.0,22.0
562,2020-09-03,30.0,21.0
563,2020-09-04,28.0,22.0
564,2020-09-05,24.0,20.0
565,2020-09-06,30.0,20.0
566,2020-09-07,32.0,21.0
567,2020-09-08,29.0,22.0
568,2020-09-09,25.0,21.0
569,2020-09-10,28.0,21.0
570,2020-09-11,26.0,18.0
571,2020-09-12,22.0,17.0
572,2020-09-13,24.0,17.0
573,2020-09-14,26.0,18.0
574,2020-09-15,25.0,19.0
575,2020-09-16,22.0,19.0
576,2020-09-17,27.0,15.0
577,2020-09-18,24.0,17.0
578,2020-09-19,25.0,18.0
579,2020-09-20,19.0,17.0
580,2020-09-21,21.0,17.0
581,2020-09-22,26.0,18.0
582,2020-09-23,27.0,17.0
583,2020-09-24,23.0,17.0
584,2020-09-25,20.0,16.0
585,2020-09-26,19.0,16.0
586,2020-09-27,21.0,16.0
587,2020-09-28,20.0,17.0
588,2020-10-01,23.0,17.0
589,2020-10-02,22.0,17.0
590,2020-10-03,22.0,16.0
591,2020-10-04,20.0,13.0
592,2020-10-05,17.0,12.0
593,2020-10-06,17.0,13.0
594,2020-10-07,21.0,14.0
595,2020-10-08,19.0,14.0
596,2020-10-09,20.0,14.0
597,2020-10-10,21.0,15.0
598,2020-10-11,20.0,15.0
599,2020-10-12,18.0,14.0
600,2020-10-13,18.0,14.0
601,2020-10-14,18.0,13.0
602,2020-10-15,18.0,12.0
603,2020-10-16,22.0,12.0
604,2020-10-17,20.0,11.0
605,2020-10-18,18.0,12.0
606,2020-10-19,20.0,12.0
607,2020-10-20,16.0,12.0
608,2020-10-21,23.0,12.0
609,2020-10-22,22.0,11.0
610,2020-10-23,21.0,14.0
611,2020-10-24,19.0,15.0
612,2020-10-25,20.0,16.0
613,2020-10-26,20.0,16.0
614,2020-10-27,16.0,13.0
615,2020-10-28,17.0,12.0
616,2020-11-01,19.0,12.0
617,2020-11-02,21.0,13.0
618,2020-11-03,17.0,12.0
619,2020-11-04,15.0,11.0
620,2020-11-05,15.0,13.0
621,2020-11-06,21.0,13.0
622,2020-11-07,23.0,12.0
623,2020-11-08,23.0,14.0
624,2020-11-09,23.0,13.0
625,2020-11-10,21.0,15.0
626,2020-11-11,22.0,15.0
627,2020-11-12,22.0,15.0
628,2020-11-13,19.0,15.0
629,2020-11-14,22.0,15.0
630,2020-11-15,22.0,15.0
631,2020-11-16,20.0,15.0
632,2020-11-17,21.0,13.0
633,2020-11-18,21.0,12.0
634,2020-11-19,23.0,13.0
635,2020-11-20,20.0,12.0
636,2020-11-21,13.0,7.0
637,2020-11-22,9.0,4.0
638,2020-11-23,10.0,4.0
639,2020-11-24,10.0,5.0
640,2020-11-25,12.0,7.0
641,2020-11-26,14.0,8.0
642,2020-11-27,11.0,7.0
643,2020-11-28,12.0,4.0
644,2020-12-01,10.0,6.0
645,2020-12-02,10.0,5.0
646,2020-12-03,8.0,3.0
647,2020-12-04,7.0,3.0
648,2020-12-05,8.0,4.0
649,2020-12-06,9.0,6.0
650,2020-12-07,9.0,5.0
651,2020-12-08,12.0,5.0
652,2020-12-09,9.0,6.0
653,2020-12-10,11.0,6.0
654,2020-12-11,12.0,6.0
655,2020-12-12,11.0,7.0
656,2020-12-13,9.0,3.0
657,2020-12-14,6.0,1.0
658,2020-12-15,5.0,3.0
659,2020-12-16,6.0,2.0
660,2020-12-17,5.0,3.0
661,2020-12-18,9.0,3.0
662,2020-12-19,9.0,1.0
663,2020-12-20,10.0,1.0
664,2020-12-21,9.0,4.0
665,2020-12-22,8.0,3.0
666,2020-12-23,12.0,2.0
667,2020-12-24,12.0,4.0
668,2020-12-25,12.0,5.0
669,2020-12-26,12.0,3.0
670,2020-12-27,12.0,5.0
671,2020-12-28,9.0,4.0
672,2019-01-01,5.0,1.0
673,2019-01-02,5.0,1.0
674,2019-01-03,5.0,0.0
675,2019-01-04,9.0,2.0
676,2019-01-05,9.0,1.0
677,2019-01-06,7.0,3.0
678,2019-01-07,11.0,4.0
679,2019-01-08,8.0,4.0
680,2019-01-09,7.0,3.0
681,2019-01-10,8.0,3.0
682,2019-01-11,11.0,3.0
683,2019-01-12,11.0,1.0
684,2019-01-13,11.0,2.0
685,2019-01-14,11.0,5.0
686,2019-01-15,11.0,5.0
687,2019-01-16,10.0,2.0
688,2019-01-17,9.0,4.0
689,2019-01-18,9.0,4.0
690,2019-01-19,12.0,3.0
691,2019-01-20,12.0,4.0
692,2019-01-21,11.0,4.0
693,2019-01-22,12.0,3.0
694,2019-01-23,12.0,3.0
695,2019-01-24,13.0,5.0
696,2019-01-25,14.0,6.0
697,2019-01-26,10.0,7.0
698,2019-01-27,8.0,7.0
699,2019-01-28,10.0,6.0
700,2019-02-01,9.0,5.0
701,2019-02-02,9.0,3.0
702,2019-02-03,14.0,4.0
703,2019-02-04,13.0,4.0
704,2019-02-05,16.0,6.0
705,2019-02-06,14.0,5.0
706,2019-02-07,17.0,10.0
707,2019-02-08,12.0,8.0
708,2019-02-09,8.0,4.0
709,2019-02-10,8.0,2.0
710,2019-02-11,11.0,1.0
711,2019-02-12,11.0,3.0
712,2019-02-13,13.0,3.0
713,2019-02-14,12.0,5.0
714,2019-02-15,12.0,7.0
715,2019-02-16,10.0,5.0
716,2019-02-17,6.0,4.0
717,2019-02-18,8.0,3.0
718,2019-02-19,8.0,3.0
719,2019-02-20,11.0,3.0
720,2019-02-21,13.0,4.0
721,2019-02-22,11.0,6.0
722,2019-02-23,11.0,7.0
723,2019-02-24,9.0,7.0
724,2019-02-25,10.0,7.0
725,2019-02-26,11.0,7.0
726,2019-02-27,12.0,6.0
727,2019-02-28,10.0,7.0
728,2019-03-01,11.0,8.0
729,2019-03-02,15.0,6.0
730,2019-03-03,16.0,6.0
731,2019-03-04,16.0,5.0
732,2019-03-05,17.0,11.0
733,2019-03-06,15.0,10.0
734,2019-03-07,11.0,8.0
735,2019-03-08,10.0,7.0
736,2019-03-09,17.0,6.0
737,2019-03-10,19.0,9.0
738,2019-03-11,19.0,10.0
739,2019-03-12,18.0,12.0
740,2019-03-13,18.0,12.0
741,2019-03-14,17.0,10.0
742,2019-03-15,17.0,9.0
743,2019-03-16,15.0,10.0
744,2019-03-17,17.0,8.0
745,2019-03-18,17.0,11.0
746,2019-03-19,19.0,12.0
747,2019-03-20,24.0,12.0
748,2019-03-21,18.0,12.0
749,2019-03-22,15.0,10.0
750,2019-03-23,16.0,8.0
751,2019-03-24,15.0,6.0
752,2019-03-25,19.0,7.0
753,2019-03-26,19.0,11.0
754,2019-03-27,24.0,13.0
755,2019-03-28,27.0,14.0
756,2019-04-01,17.0,12.0
757,2019-04-02,20.0,12.0
758,2019-04-03,18.0,12.0
759,2019-04-04,21.0,12.0
760,2019-04-05,27.0,13.0
761,2019-04-06,28.0,14.0
762,2019-04-07,29.0,16.0
763,2019-04-08,29.0,17.0
764,2019-04-09,29.0,19.0
765,2019-04-10,22.0,15.0
766,2019-04-11,23.0,15.0
767,2019-04-12,21.0,15.0
768,2019-04-13,22.0,15.0
769,2019-04-14,24.0,15.0
770,2019-04-15,21.0,14.0
771,2019-04-16,27.0,15.0
772,2019-04-17,27.0,16.0
773,2019-04-18,28.0,17.0
774,2019-04-19,26.0,19.0
775,2019-04-20,23.0,16.0
776,2019-04-21,28.0,17.0
777,2019-04-22,28.0,17.0
778,2019-04-23,30.0,18.0
779,2019-04-24,30.0,20.0
780,2019-04-25,33.0,21.0
781,2019-04-26,31.0,22.0
782,2019-04-27,27.0,20.0
783,2019-04-28,23.0,18.0
784,2019-05-01,25.0,16.0
785,2019-05-02,22.0,16.0
786,2019-05-03,23.0,16.0
787,2019-05-04,24.0,16.0
788,2019-05-05,22.0,17.0
789,2019-05-06,20.0,15.0
790,2019-05-07,15.0,13.0
791,2019-05-08,20.0,12.0
792,2019-05-09,25.0,15.0
793,2019-05-10,26.0,15.0
794,2019-05-11,27.0,17.0
795,2019-05-12,24.0,15.0
796,2019-05-13,25.0,15.0
797,2019-05-14,25.0,17.0
798,2019-05-15,28.0,18.0
799,2019-05-16,29.0,19.0
800,2019-05-17,29.0,21.0
801,2019-05-18,29.0,20.0
802,2019-05-19,24.0,18.0
803,2019-05-20,22.0,16.0
804,2019-05-21,26.0,14.0
805,2019-05-22,30.0,17.0
806,2019-05-23,29.0,17.0
807,2019-05-24,26.0,19.0
808,2019-05-25,28.0,20.0
809,2019-05-26,31.0,22.0
810,2019-05-27,25.0,18.0
811,2019-05-28,20.0,16.0
812,2019-06-01,30.0,19.0
813,2019-06-02,31.0,18.0
814,2019-06-03,32.0,20.0
815,2019-06-04,30.0,22.0
816,2019-06-05,32.0,20.0
817,2019-06-06,30.0,23.0
818,2019-06-07,28.0,21.0
819,2019-06-08,28.0,21.0
820,2019-06-09,28.0,22.0
821,2019-06-10,29.0,21.0
822,2019-06-11,26.0,21.0
823,2019-06-12,30.0,20.0
824,2019-06-13,30.0,21.0
825,2019-06-14,25.0,22.0
826,2019-06-15,23.0,20.0
827,2019-06-16,26.0,19.0
828,2019-06-17,25.0,21.0
829,2019-06-18,26.0,20.0
830,2019-06-19,27.0,21.0
831,2019-06-20,29.0,22.0
832,2019-06-21,30.0,24.0
833,2019-06-22,27.0,23.0
834,2019-06-23,28.0,22.0
835,2019-06-24,27.0,20.0
836,2019-06-25,25.0,21.0
837,2019-06-26,25.0,22.0
838,2019-06-27,28.0,20.0
839,2019-06-28,26.0,21.0
840,2019-07-01,33.0,23.0
841,2019-07-02,31.0,22.0
842,2019-07-03,25.0,19.0
843,2019-07-04,26.0,20.0
844,2019-07-05,31.0,20.0
845,2019-07-06,31.0,21.0
846,2019-07-07,26.0,21.0
847,2019-07-08,27.0,19.0
848,2019-07-09,29.0,20.0
849,2019-07-10,28.0,21.0
850,2019-07-11,23.0,20.0
851,2019-07-12,29.0,20.0
852,2019-07-13,32.0,23.0
853,2019-07-14,31.0,23.0
854,2019-07-15,25.0,21.0
855,2019-07-16,26.0,20.0
856,2019-07-17,31.0,21.0
857,2019-07-18,31.0,23.0
858,2019-07-19,30.0,23.0
859,2019-07-20,32.0,24.0
860,2019-07-21,32.0,23.0
861,2019-07-22,27.0,22.0
862,2019-07-23,30.0,23.0
863,2019-07-24,30.0,22.0
864,2019-07-25,34.0,24.0
865,2019-07-26,34.0,23.0
866,2019-07-27,32.0,26.0
867,2019-07-28,32.0,25.0
868,2019-08-01,31.0,22.0
869,2019-08-02,30.0,22.0
870,2019-08-03,30.0,23.0
871,2019-08-04,31.0,23.0
872,2019-08-05,27.0,22.0
873,2019-08-06,25.0,21.0
874,2019-08-07,32.0,22.0
875,2019-08-08,32.0,23.0
876,2019-08-09,33.0,23.0
877,2019-08-10,32.0,23.0
878,2019-08-11,33.0,24.0
879,2019-08-12,33.0,24.0
880,2019-08-13,34.0,25.0
881,2019-08-14,34.0,24.0
882,2019-08-15,32.0,23.0
883,2019-08-16,33.0,23.0
884,2019-08-17,34.0,23.0
885,2019-08-18,32.0,26.0
886,2019-08-19,29.0,23.0
887,2019-08-20,30.0,23.0
888,2019-08-21,32.0,24.0
889,2019-08-22,32.0,22.0
890,2019-08-23,33.0,23.0
891,2019-08-24,34.0,24.0
892,2019-08-25,34.0,24.0
893,2019-08-26,33.0,25.0
894,2019-08-27,33.0,24.0
895,2019-08-28,32.0,23.0
896,2019-09-01,26.0,18.0
897,2019-09-02,24.0,20.0
898,2019-09-03,23.0,19.0
899,2019-09-04,24.0,19.0
900,2019-09-05,27.0,20.0
901,2019-09-06,27.0,21.0
902,2019-09-07,25.0,21.0
903,2019-09-08,26.0,21.0
904,2019-09-09,27.0,21.0
905,2019-09-10,25.0,21.0
906,2019-09-11,28.0,22.0
907,2019-09-12,29.0,23.0
908,2019-09-13,24.0,17.0
909,2019-09-14,22.0,17.0
910,2019-09-15,21.0,17.0
911,2019-09-16,24.0,18.0
912,2019-09-17,22.0,18.0
913,2019-09-18,25.0,18.0
914,2019-09-19,21.0,18.0
915,2019-09-20,25.0,18.0
916,2019-09-21,27.0,18.0
917,2019-09-22,27.0,18.0
918,2019-09-23,23.0,18.0
919,2019-09-24,21.0,16.0
920,2019-09-25,25.0,16.0
921,2019-09-26,22.0,16.0
922,2019-09-27,24.0,18.0
923,2019-09-28,26.0,18.0
924,2019-10-01,24.0,19.0
925,2019-10-02,24.0,19.0
926,2019-10-03,23.0,19.0
927,2019-10-04,25.0,19.0
928,2019-10-05,26.0,19.0
929,2019-10-06,22.0,18.0
930,2019-10-07,22.0,17.0
931,2019-10-08,21.0,15.0
932,2019-10-09,20.0,16.0
933,2019-10-10,22.0,17.0
934,2019-10-11,24.0,16.0
935,2019-10-12,24.0,17.0
936,2019-10-13,22.0,17.0
937,2019-10-14,20.0,15.0
938,2019-10-15,19.0,15.0
939,2019-10-16,20.0,15.0
940,2019-10-17,21.0,15.0
941,2019-10-18,22.0,15.0
942,2019-10-19,20.0,15.0
943,2019-10-20,20.0,15.0
944,2019-10-21,17.0,15.0
945,2019-10-22,20.0,15.0
946,2019-10-23,21.0,16.0
947,2019-10-24,17.0,12.0
948,2019-10-25,15.0,12.0
949,2019-10-26,15.0,11.0
950,2019-10-27,17.0,11.0
951,2019-10-28,23.0,12.0
952,2019-11-01,18.0,14.0
953,2019-11-02,21.0,13.0
954,2019-11-03,21.0,15.0
955,2019-11-04,16.0,14.0
956,2019-11-05,15.0,13.0
957,2019-11-06,17.0,12.0
958,2019-11-07,19.0,13.0
959,2019-11-08,18.0,13.0
960,2019-11-09,16.0,12.0
961,2019-11-10,20.0,13.0
962,2019-11-11,19.0,14.0
963,2019-11-12,17.0,13.0
964,2019-11-13,19.0,11.0
965,2019-11-14,17.0,8.0
966,2019-11-15,17.0,10.0
967,2019-11-16,17.0,12.0
968,2019-11-17,19.0,11.0
969,2019-11-18,11.0,8.0
970,2019-11-19,11.0,7.0
971,2019-11-20,11.0,7.0
972,2019-11-21,13.0,7.0
973,2019-11-22,14.0,9.0
974,2019-11-23,15.0,10.0
975,2019-11-24,12.0,8.0
976,2019-11-25,11.0,6.0
977,2019-11-26,10.0,5.0
978,2019-11-27,12.0,6.0
979,2019-11-28,10.0,7.0
980,2019-12-01,12.0,5.0
981,2019-12-02,12.0,5.0
982,2019-12-03,12.0,6.0
983,2019-12-04,12.0,7.0
984,2019-12-05,13.0,7.0
985,2019-12-06,12.0,7.0
986,2019-12-07,12.0,5.0
987,2019-12-08,13.0,6.0
988,2019-12-09,15.0,7.0
989,2019-12-10,15.0,6.0
990,2019-12-11,13.0,9.0
991,2019-12-12,13.0,9.0
992,2019-12-13,12.0,8.0
993,2019-12-14,13.0,8.0
994,2019-12-15,13.0,9.0
995,2019-12-16,14.0,9.0
996,2019-12-17,12.0,9.0
997,2019-12-18,11.0,6.0
998,2019-12-19,10.0,5.0
999,2019-12-20,8.0,6.0
1000,2019-12-21,9.0,5.0
1001,2019-12-22,9.0,5.0
1002,2019-12-23,11.0,7.0
1003,2019-12-24,10.0,6.0
1004,2019-12-25,11.0,7.0
1005,2019-12-26,9.0,5.0
1006,2019-12-27,11.0,3.0
1007,2019-12-28,11.0,4.0
1008,2018-01-01,11.0,1.0
1009,2018-01-02,12.0,3.0
1010,2018-01-03,8.0,3.0
1011,2018-01-04,8.0,2.0
1012,2018-01-05,6.0,2.0
1013,2018-01-06,8.0,3.0
1014,2018-01-07,9.0,0.0
1015,2018-01-08,8.0,0.0
1016,2018-01-09,11.0,-3.0
1017,2018-01-10,12.0,-2.0
1018,2018-01-11,13.0,0.0
1019,2018-01-12,11.0,-1.0
1020,2018-01-13,11.0,0.0
1021,2018-01-14,12.0,0.0
1022,2018-01-15,8.0,2.0
1023,2018-01-16,17.0,2.0
1024,2018-01-17,13.0,0.0
1025,2018-01-18,11.0,2.0
1026,2018-01-19,15.0,2.0
1027,2018-01-20,12.0,3.0
1028,2018-01-21,16.0,2.0
1029,2018-01-22,11.0,3.0
1030,2018-01-23,12.0,4.0
1031,2018-01-24,9.0,3.0
1032,2018-01-25,8.0,2.0
1033,2018-01-26,4.0,0.0
1034,2018-01-27,5.0,0.0
1035,2018-01-28,9.0,-1.0
1036,2018-02-01,8.0,-2.0
1037,2018-02-02,11.0,1.0
1038,2018-02-03,9.0,0.0
1039,2018-02-04,6.0,1.0
1040,2018-02-05,7.0,-1.0
1041,2018-02-06,6.0,0.0
1042,2018-02-07,9.0,2.0
1043,2018-02-08,9.0,2.0
1044,2018-02-09,10.0,2.0
1045,2018-02-10,10.0,3.0
1046,2018-02-11,9.0,0.0
1047,2018-02-12,11.0,2.0
1048,2018-02-13,12.0,2.0
1049,2018-02-14,12.0,4.0
1050,2018-02-15,18.0,4.0
1051,2018-02-16,17.0,4.0
1052,2018-02-17,17.0,8.0
1053,2018-02-18,14.0,7.0
1054,2018-02-19,17.0,6.0
1055,2018-02-20,18.0,7.0
1056,2018-02-21,11.0,5.0
1057,2018-02-22,14.0,5.0
1058,2018-02-23,13.0,5.0
1059,2018-02-24,19.0,6.0
1060,2018-02-25,20.0,8.0
1061,2018-02-26,15.0,10.0
1062,2018-02-27,20.0,9.0
1063,2018-02-28,21.0,10.0
1064,2018-03-01,24.0,12.0
1065,2018-03-02,23.0,12.0
1066,2018-03-03,22.0,11.0
1067,2018-03-04,17.0,14.0
1068,2018-03-05,15.0,11.0
1069,2018-03-06,14.0,8.0
1070,2018-03-07,19.0,8.0
1071,2018-03-08,21.0,7.0
1072,2018-03-09,23.0,7.0
1073,2018-03-10,19.0,9.0
1074,2018-03-11,19.0,10.0
1075,2018-03-12,21.0,11.0
1076,2018-03-13,22.0,11.0
1077,2018-03-14,26.0,11.0
1078,2018-03-15,27.0,11.0
1079,2018-03-16,22.0,15.0
1080,2018-03-17,18.0,13.0
1081,2018-03-18,19.0,12.0
1082,2018-03-19,23.0,11.0
1083,2018-03-20,19.0,10.0
1084,2018-03-21,19.0,11.0
1085,2018-03-22,24.0,12.0
1086,2018-03-23,20.0,12.0
1087,2018-03-24,19.0,13.0
1088,2018-03-25,23.0,13.0
1089,2018-03-26,22.0,13.0
1090,2018-03-27,24.0,13.0
1091,2018-03-28,25.0,13.0
1092,2018-04-01,27.0,14.0
1093,2018-04-02,30.0,14.0
1094,2018-04-03,31.0,17.0
1095,2018-04-04,31.0,14.0
1096,2018-04-05,20.0,12.0
1097,2018-04-06,14.0,8.0
1098,2018-04-07,21.0,8.0
1099,2018-04-08,24.0,10.0
1100,2018-04-09,26.0,13.0
1101,2018-04-10,28.0,15.0
1102,2018-04-11,29.0,20.0
1103,2018-04-12,24.0,16.0
1104,2018-04-13,21.0,9.0
1105,2018-04-14,16.0,11.0
1106,2018-04-15,20.0,10.0
1107,2018-04-16,26.0,10.0
1108,2018-04-17,27.0,13.0
1109,2018-04-18,30.0,16.0
1110,2018-04-19,29.0,20.0
1111,2018-04-20,27.0,18.0
1112,2018-04-21,28.0,18.0
1113,2018-04-22,30.0,18.0
1114,2018-04-23,24.0,20.0
1115,2018-04-24,21.0,14.0
1116,2018-04-25,23.0,14.0
1117,2018-04-26,28.0,14.0
1118,2018-04-27,27.0,15.0
1119,2018-04-28,27.0,16.0
1120,2018-05-01,26.0,18.0
1121,2018-05-02,29.0,21.0
1122,2018-05-03,27.0,17.0
1123,2018-05-04,27.0,17.0
1124,2018-05-05,24.0,17.0
1125,2018-05-06,27.0,15.0
1126,2018-05-07,27.0,15.0
1127,2018-05-08,24.0,19.0
1128,2018-05-09,17.0,15.0
1129,2018-05-10,19.0,15.0
1130,2018-05-11,28.0,16.0
1131,2018-05-12,29.0,16.0
1132,2018-05-13,28.0,16.0
1133,2018-05-14,31.0,18.0
1134,2018-05-15,34.0,19.0
1135,2018-05-16,35.0,21.0
1136,2018-05-17,27.0,22.0
1137,2018-05-18,30.0,20.0
1138,2018-05-19,29.0,21.0
1139,2018-05-20,31.0,21.0
1140,2018-05-21,30.0,17.0
1141,2018-05-22,25.0,15.0
1142,2018-05-23,25.0,12.0
1143,2018-05-24,27.0,16.0
1144,2018-05-25,31.0,19.0
1145,2018-05-26,23.0,17.0
1146,2018-05-27,30.0,16.0
1147,2018-05-28,28.0,16.0
1148,2018-06-01,24.0,18.0
1149,2018-06-02,25.0,18.0
1150,2018-06-03,23.0,18.0
1151,2018-06-04,29.0,17.0
1152,2018-06-05,32.0,18.0
1153,2018-06-06,33.0,18.0
1154,2018-06-07,31.0,21.0
1155,2018-06-08,26.0,17.0
1156,2018-06-09,28.0,17.0
1157,2018-06-10,31.0,17.0
1158,2018-06-11,22.0,20.0
1159,2018-06-12,28.0,20.0
1160,2018-06-13,28.0,21.0
1161,2018-06-14,29.0,20.0
1162,2018-06-15,24.0,20.0
1163,2018-06-16,25.0,19.0
1164,2018-06-17,26.0,19.0
1165,2018-06-18,31.0,20.0
1166,2018-06-19,31.0,22.0
1167,2018-06-20,33.0,22.0
1168,2018-06-21,26.0,22.0
1169,2018-06-22,32.0,22.0
1170,2018-06-23,30.0,23.0
1171,2018-06-24,27.0,22.0
1172,2018-06-25,29.0,22.0
1173,2018-06-26,28.0,23.0
1174,2018-06-27,30.0,23.0
1175,2018-06-28,32.0,23.0
1176,2018-07-01,31.0,24.0
1177,2018-07-02,25.0,22.0
1178,2018-07-03,27.0,22.0
1179,2018-07-04,28.0,22.0
1180,2018-07-05,31.0,22.0
1181,2018-07-06,32.0,24.0
1182,2018-07-07,31.0,24.0
1183,2018-07-08,25.0,21.0
1184,2018-07-09,23.0,20.0
1185,2018-07-10,26.0,22.0
1186,2018-07-11,26.0,22.0
1187,2018-07-12,28.0,22.0
1188,2018-07-13,31.0,23.0
1189,2018-07-14,31.0,23.0
1190,2018-07-15,29.0,23.0
1191,2018-07-16,29.0,22.0
1192,2018-07-17,31.0,23.0
1193,2018-07-18,34.0,24.0
1194,2018-07-19,30.0,25.0
1195,2018-07-20,35.0,25.0
1196,2018-07-21,35.0,25.0
1197,2018-07-22,32.0,24.0
1198,2018-07-23,31.0,25.0
1199,2018-07-24,32.0,24.0
1200,2018-07-25,34.0,24.0
1201,2018-07-26,33.0,23.0
1202,2018-07-27,29.0,23.0
1203,2018-07-28,31.0,24.0
1204,2018-08-01,28.0,22.0
1205,2018-08-02,28.0,22.0
1206,2018-08-03,30.0,23.0
1207,2018-08-04,33.0,24.0
1208,2018-08-05,32.0,24.0
1209,2018-08-06,34.0,24.0
1210,2018-08-07,30.0,24.0
1211,2018-08-08,31.0,23.0
1212,2018-08-09,30.0,23.0
1213,2018-08-10,31.0,23.0
1214,2018-08-11,31.0,23.0
1215,2018-08-12,32.0,23.0
1216,2018-08-13,33.0,24.0
1217,2018-08-14,33.0,23.0
1218,2018-08-15,36.0,24.0
1219,2018-08-16,32.0,26.0
1220,2018-08-17,35.0,24.0
1221,2018-08-18,33.0,23.0
1222,2018-08-19,35.0,23.0
1223,2018-08-20,36.0,24.0
1224,2018-08-21,35.0,24.0
1225,2018-08-22,32.0,24.0
1226,2018-08-23,34.0,22.0
1227,2018-08-24,29.0,23.0
1228,2018-08-25,30.0,23.0
1229,2018-08-26,34.0,24.0
1230,2018-08-27,33.0,23.0
1231,2018-08-28,34.0,23.0
1232,2018-09-01,31.0,25.0
1233,2018-09-02,34.0,24.0
1234,2018-09-03,31.0,24.0
1235,2018-09-04,31.0,24.0
1236,2018-09-05,26.0,21.0
1237,2018-09-06,28.0,20.0
1238,2018-09-07,27.0,19.0
1239,2018-09-08,27.0,18.0
1240,2018-09-09,22.0,18.0
1241,2018-09-10,21.0,17.0
1242,2018-09-11,22.0,17.0
1243,2018-09-12,23.0,17.0
1244,2018-09-13,23.0,17.0
1245,2018-09-14,23.0,17.0
1246,2018-09-15,24.0,18.0
1247,2018-09-16,26.0,17.0
1248,2018-09-17,27.0,18.0
1249,2018-09-18,25.0,19.0
1250,2018-09-19,27.0,19.0
1251,2018-09-20,27.0,20.0
1252,2018-09-21,28.0,19.0
1253,2018-09-22,28.0,19.0
1254,2018-09-23,25.0,20.0
1255,2018-09-24,22.0,19.0
1256,2018-09-25,23.0,16.0
1257,2018-09-26,21.0,17.0
1258,2018-09-27,21.0,16.0
1259,2018-09-28,25.0,16.0
1260,2018-10-01,22.0,16.0
1261,2018-10-02,19.0,13.0
1262,2018-10-03,19.0,13.0
1263,2018-10-04,22.0,13.0
1264,2018-10-05,21.0,15.0
1265,2018-10-06,21.0,15.0
1266,2018-10-07,20.0,15.0
1267,2018-10-08,18.0,14.0
1268,2018-10-09,24.0,13.0
1269,2018-10-10,24.0,12.0
1270,2018-10-11,19.0,13.0
1271,2018-10-12,17.0,14.0
1272,2018-10-13,17.0,14.0
1273,2018-10-14,18.0,12.0
1274,2018-10-15,21.0,13.0
1275,2018-10-16,20.0,13.0
1276,2018-10-17,18.0,14.0
1277,2018-10-18,16.0,13.0
1278,2018-10-19,15.0,13.0
1279,2018-10-20,15.0,13.0
1280,2018-10-21,19.0,12.0
1281,2018-10-22,20.0,14.0
1282,2018-10-23,19.0,13.0
1283,2018-10-24,19.0,14.0
1284,2018-10-25,21.0,14.0
1285,2018-10-26,22.0,15.0
1286,2018-10-27,20.0,15.0
1287,2018-10-28,22.0,15.0
1288,2018-11-01,23.0,13.0
1289,2018-11-02,22.0,14.0
1290,2018-11-03,21.0,14.0
1291,2018-11-04,19.0,14.0
1292,2018-11-05,16.0,11.0
1293,2018-11-06,15.0,9.0
1294,2018-11-07,13.0,7.0
1295,2018-11-08,16.0,5.0
1296,2018-11-09,15.0,8.0
1297,2018-11-10,18.0,9.0
1298,2018-11-11,17.0,10.0
1299,2018-11-12,17.0,12.0
1300,2018-11-13,16.0,11.0
1301,2018-11-14,15.0,11.0
1302,2018-11-15,13.0,11.0
1303,2018-11-16,11.0,8.0
1304,2018-11-17,9.0,7.0
1305,2018-11-18,11.0,4.0
1306,2018-11-19,12.0,4.0
1307,2018-11-20,12.0,6.0
1308,2018-11-21,14.0,8.0
1309,2018-11-22,14.0,6.0
1310,2018-11-23,13.0,6.0
1311,2018-11-24,18.0,6.0
1312,2018-11-25,18.0,6.0
1313,2018-11-26,15.0,7.0
1314,2018-11-27,18.0,8.0
1315,2018-11-28,15.0,8.0
1316,2018-12-01,15.0,10.0
1317,2018-12-02,15.0,10.0
1318,2018-12-03,15.0,7.0
1319,2018-12-04,13.0,8.0
1320,2018-12-05,12.0,7.0
1321,2018-12-06,11.0,7.0
1322,2018-12-07,7.0,3.0
1323,2018-12-08,5.0,1.0
1324,2018-12-09,5.0,2.0
1325,2018-12-10,6.0,2.0
1326,2018-12-11,10.0,2.0
1327,2018-12-12,9.0,3.0
1328,2018-12-13,8.0,2.0
1329,2018-12-14,8.0,3.0
1330,2018-12-15,10.0,4.0
1331,2018-12-16,14.0,3.0
1332,2018-12-17,13.0,4.0
1333,2018-12-18,11.0,7.0
1334,2018-12-19,11.0,5.0
1335,2018-12-20,10.0,6.0
1336,2018-12-21,13.0,7.0
1337,2018-12-22,13.0,7.0
1338,2018-12-23,9.0,6.0
1339,2018-12-24,8.0,4.0
1340,2018-12-25,10.0,5.0
1341,2018-12-26,10.0,5.0
1342,2018-12-27,7.0,5.0
1343,2018-12-28,5.0,1.0
1344,2017-01-01,12.0,5.0
1345,2017-01-02,13.0,2.0
1346,2017-01-03,12.0,5.0
1347,2017-01-04,12.0,7.0
1348,2017-01-05,14.0,5.0
1349,2017-01-06,11.0,6.0
1350,2017-01-07,11.0,6.0
1351,2017-01-08,12.0,7.0
1352,2017-01-09,10.0,7.0
1353,2017-01-10,8.0,3.0
1354,2017-01-11,8.0,2.0
1355,2017-01-12,11.0,1.0
1356,2017-01-13,12.0,1.0
1357,2017-01-14,10.0,4.0
1358,2017-01-15,10.0,4.0
1359,2017-01-16,8.0,5.0
1360,2017-01-17,9.0,4.0
1361,2017-01-18,10.0,4.0
1362,2017-01-19,9.0,3.0
1363,2017-01-20,10.0,3.0
1364,2017-01-21,13.0,2.0
1365,2017-01-22,12.0,4.0
1366,2017-01-23,12.0,1.0
1367,2017-01-24,12.0,2.0
1368,2017-01-25,13.0,4.0
1369,2017-01-26,12.0,4.0
1370,2017-01-27,12.0,4.0
1371,2017-01-28,13.0,6.0
1372,2017-02-01,9.0,5.0
1373,2017-02-02,10.0,4.0
1374,2017-02-03,12.0,4.0
1375,2017-02-04,12.0,6.0
1376,2017-02-05,13.0,6.0
1377,2017-02-06,10.0,6.0
1378,2017-02-07,8.0,4.0
1379,2017-02-08,12.0,3.0
1380,2017-02-09,10.0,5.0
1381,2017-02-10,10.0,5.0
1382,2017-02-11,11.0,4.0
1383,2017-02-12,12.0,5.0
1384,2017-02-13,12.0,6.0
1385,2017-02-14,14.0,4.0
1386,2017-02-15,15.0,6.0
1387,2017-02-16,14.0,7.0
1388,2017-02-17,18.0,5.0
1389,2017-02-18,17.0,6.0
1390,2017-02-19,19.0,4.0
1391,2017-02-20,17.0,8.0
1392,2017-02-21,11.0,6.0
1393,2017-02-22,12.0,5.0
1394,2017-02-23,10.0,4.0
1395,2017-02-24,12.0,5.0
1396,2017-02-25,13.0,4.0
1397,2017-02-26,12.0,3.0
1398,2017-02-27,13.0,4.0
1399,2017-02-28,15.0,3.0
1400,2017-03-01,16.0,6.0
1401,2017-03-02,14.0,7.0
1402,2017-03-03,13.0,7.0
1403,2017-03-06,13.0,7.0
1404,2017-03-07,14.0,6.0
1405,2017-03-08,15.0,6.0
1406,2017-03-09,14.0,7.0
1407,2017-03-10,14.0,8.0
1408,2017-03-11,16.0,9.0
1409,2017-03-12,13.0,8.0
1410,2017-03-13,13.0,6.0
1411,2017-03-14,12.0,7.0
1412,2017-03-15,13.0,5.0
1413,2017-03-16,15.0,6.0
1414,2017-03-17,15.0,7.0
1415,2017-03-18,15.0,8.0
1416,2017-03-19,14.0,7.0
1417,2017-03-20,20.0,10.0
1418,2017-03-21,15.0,10.0
1419,2017-03-22,15.0,11.0
1420,2017-03-23,16.0,11.0
1421,2017-03-24,15.0,8.0
1422,2017-03-25,15.0,6.0
1423,2017-03-26,19.0,6.0
1424,2017-03-27,21.0,8.0
1425,2017-03-28,21.0,11.0
1426,2017-03-29,21.0,11.0
1427,2017-03-30,21.0,12.0
1428,2017-04-01,21.0,13.0
1429,2017-04-02,18.0,12.0
1430,2017-04-03,18.0,12.0
1431,2017-04-04,22.0,12.0
1432,2017-04-05,20.0,14.0
1433,2017-04-06,23.0,13.0
1434,2017-04-07,23.0,15.0
1435,2017-04-08,24.0,15.0
1436,2017-04-09,23.0,14.0
1437,2017-04-10,19.0,14.0
1438,2017-04-11,19.0,13.0
1439,2017-04-12,23.0,11.0
1440,2017-04-13,26.0,11.0
1441,2017-04-14,27.0,15.0
1442,2017-04-15,26.0,16.0
1443,2017-04-16,20.0,11.0
1444,2017-04-17,26.0,12.0
1445,2017-04-18,28.0,12.0
1446,2017-04-19,29.0,15.0
1447,2017-04-20,21.0,13.0
1448,2017-04-21,23.0,12.0
1449,2017-04-22,25.0,11.0
1450,2017-04-23,27.0,14.0
1451,2017-04-24,24.0,17.0
1452,2017-04-25,23.0,15.0
1453,2017-04-26,20.0,13.0
1454,2017-04-27,19.0,12.0
1455,2017-04-28,24.0,12.0
1456,2017-05-01,30.0,18.0
1457,2017-05-02,26.0,16.0
1458,2017-05-03,23.0,15.0
1459,2017-05-04,27.0,14.0
1460,2017-05-05,20.0,13.0
1461,2017-05-06,22.0,13.0
1462,2017-05-07,23.0,13.0
1463,2017-05-08,27.0,16.0
1464,2017-05-09,26.0,17.0
1465,2017-05-10,27.0,18.0
1466,2017-05-11,27.0,17.0
1467,2017-05-12,31.0,13.0
1468,2017-05-13,32.0,18.0
1469,2017-05-14,30.0,17.0
1470,2017-05-15,29.0,17.0
1471,2017-05-16,30.0,15.0
1472,2017-05-17,30.0,18.0
1473,2017-05-18,27.0,15.0
1474,2017-05-19,31.0,20.0
1475,2017-05-20,26.0,20.0
1476,2017-05-21,26.0,20.0
1477,2017-05-22,25.0,17.0
1478,2017-05-23,26.0,17.0
1479,2017-05-24,27.0,16.0
1480,2017-05-25,29.0,17.0
1481,2017-05-26,31.0,18.0
1482,2017-05-27,33.0,22.0
1483,2017-05-28,32.0,21.0
1484,2017-06-01,30.0,20.0
1485,2017-06-02,30.0,22.0
1486,2017-06-03,28.0,20.0
1487,2017-06-04,27.0,18.0
1488,2017-06-05,30.0,19.0
1489,2017-06-06,30.0,19.0
1490,2017-06-07,30.0,20.0
1491,2017-06-08,27.0,20.0
1492,2017-06-09,28.0,21.0
1493,2017-06-10,28.0,19.0
1494,2017-06-11,30.0,21.0
1495,2017-06-12,30.0,21.0
1496,2017-06-13,26.0,20.0
1497,2017-06-14,20.0,17.0
1498,2017-06-15,23.0,17.0
1499,2017-06-16,27.0,18.0
1500,2017-06-17,28.0,20.0
1501,2017-06-18,29.0,20.0
1502,2017-06-19,30.0,21.0
1503,2017-06-20,30.0,21.0
1504,2017-06-21,30.0,22.0
1505,2017-06-22,27.0,22.0
1506,2017-06-23,30.0,23.0
1507,2017-06-24,30.0,21.0
1508,2017-06-25,30.0,19.0
1509,2017-06-26,30.0,19.0
1510,2017-06-27,30.0,20.0
1511,2017-06-28,28.0,20.0
1512,2017-07-01,33.0,23.0
1513,2017-07-02,35.0,23.0
1514,2017-07-03,31.0,23.0
1515,2017-07-04,31.0,22.0
1516,2017-07-05,26.0,22.0
1517,2017-07-06,30.0,23.0
1518,2017-07-07,33.0,23.0
1519,2017-07-08,32.0,23.0
1520,2017-07-09,35.0,21.0
1521,2017-07-10,34.0,24.0
1522,2017-07-11,36.0,25.0
1523,2017-07-12,33.0,23.0
1524,2017-07-13,33.0,22.0
1525,2017-07-14,31.0,22.0
1526,2017-07-15,32.0,23.0
1527,2017-07-16,32.0,22.0
1528,2017-07-17,31.0,23.0
1529,2017-07-18,30.0,23.0
1530,2017-07-19,30.0,23.0
1531,2017-07-20,31.0,23.0
1532,2017-07-21,31.0,23.0
1533,2017-07-22,30.0,23.0
1534,2017-07-23,32.0,23.0
1535,2017-07-24,31.0,24.0
1536,2017-07-25,33.0,24.0
1537,2017-07-26,32.0,24.0
1538,2017-07-27,32.0,24.0
1539,2017-07-28,32.0,24.0
1540,2017-08-01,31.0,25.0
1541,2017-08-02,35.0,24.0
1542,2017-08-03,33.0,25.0
1543,2017-08-04,33.0,24.0
1544,2017-08-05,34.0,25.0
1545,2017-08-06,33.0,24.0
1546,2017-08-07,28.0,21.0
1547,2017-08-08,32.0,22.0
1548,2017-08-09,34.0,24.0
1549,2017-08-10,33.0,22.0
1550,2017-08-11,28.0,21.0
1551,2017-08-12,30.0,21.0
1552,2017-08-13,34.0,23.0
1553,2017-08-14,32.0,23.0
1554,2017-08-15,29.0,23.0
1555,2017-08-16,31.0,23.0
1556,2017-08-17,27.0,23.0
1557,2017-08-18,29.0,23.0
1558,2017-08-19,31.0,24.0
1559,2017-08-20,30.0,24.0
1560,2017-08-21,31.0,23.0
1561,2017-08-22,31.0,24.0
1562,2017-08-23,32.0,23.0
1563,2017-08-24,28.0,23.0
1564,2017-08-25,27.0,22.0
1565,2017-08-26,28.0,23.0
1566,2017-08-27,31.0,23.0
1567,2017-08-28,30.0,22.0
1568,2017-09-01,26.0,19.0
1569,2017-09-02,26.0,19.0
1570,2017-09-03,23.0,19.0
1571,2017-09-04,23.0,19.0
1572,2017-09-05,25.0,19.0
1573,2017-09-06,29.0,18.0
1574,2017-09-07,29.0,20.0
1575,2017-09-08,28.0,21.0
1576,2017-09-09,27.0,21.0
1577,2017-09-10,29.0,16.0
1578,2017-09-11,31.0,19.0
1579,2017-09-12,31.0,20.0
1580,2017-09-13,25.0,20.0
1581,2017-09-14,23.0,20.0
1582,2017-09-15,23.0,20.0
1583,2017-09-16,27.0,21.0
1584,2017-09-17,25.0,21.0
1585,2017-09-18,29.0,20.0
1586,2017-09-19,26.0,18.0
1587,2017-09-20,25.0,16.0
1588,2017-09-21,27.0,19.0
1589,2017-09-22,23.0,19.0
1590,2017-09-23,24.0,19.0
1591,2017-09-24,25.0,20.0
1592,2017-09-25,26.0,20.0
1593,2017-09-26,24.0,19.0
1594,2017-09-27,24.0,18.0
1595,2017-09-28,27.0,17.0
1596,2017-10-01,27.0,20.0
1597,2017-10-02,26.0,18.0
1598,2017-10-03,20.0,15.0
1599,2017-10-04,22.0,13.0
1600,2017-10-05,22.0,15.0
1601,2017-10-06,21.0,16.0
1602,2017-10-07,21.0,17.0
1603,2017-10-08,22.0,17.0
1604,2017-10-09,21.0,14.0
1605,2017-10-10,16.0,13.0
1606,2017-10-11,21.0,14.0
1607,2017-10-12,21.0,12.0
1608,2017-10-13,18.0,14.0
1609,2017-10-14,15.0,15.0
1610,2017-10-15,14.0,12.0
1611,2017-10-16,19.0,14.0
1612,2017-10-17,17.0,12.0
1613,2017-10-18,18.0,13.0
1614,2017-10-19,21.0,14.0
1615,2017-10-20,18.0,15.0
1616,2017-10-21,19.0,14.0
1617,2017-10-22,16.0,12.0
1618,2017-10-23,19.0,13.0
1619,2017-10-24,16.0,13.0
1620,2017-10-25,19.0,13.0
1621,2017-10-26,10.0,0.0
1622,2017-10-27,16.0,0.0
1623,2017-10-28,14.0,0.0
1624,2017-11-01,21.0,14.0
1625,2017-11-02,21.0,13.0
1626,2017-11-03,23.0,15.0
1627,2017-11-04,22.0,15.0
1628,2017-11-05,20.0,11.0
1629,2017-11-06,20.0,14.0
1630,2017-11-07,23.0,13.0
1631,2017-11-08,23.0,15.0
1632,2017-11-09,19.0,16.0
1633,2017-11-10,19.0,13.0
1634,2017-11-11,18.0,11.0
1635,2017-11-12,15.0,11.0
1636,2017-11-13,18.0,8.0
1637,2017-11-14,17.0,12.0
1638,2017-11-15,16.0,13.0
1639,2017-11-16,17.0,13.0
1640,2017-11-17,17.0,13.0
1641,2017-11-18,15.0,12.0
1642,2017-11-19,12.0,8.0
1643,2017-11-20,13.0,8.0
1644,2017-11-21,12.0,6.0
1645,2017-11-22,14.0,7.0
1646,2017-11-23,12.0,5.0
1647,2017-11-24,12.0,3.0
1648,2017-11-25,13.0,5.0
1649,2017-11-26,14.0,4.0
1650,2017-11-27,13.0,7.0
1651,2017-11-28,14.0,6.0
1652,2017-12-01,12.0,8.0
1653,2017-12-02,12.0,7.0
1654,2017-12-03,16.0,8.0
1655,2017-12-04,15.0,4.0
1656,2017-12-05,14.0,8.0
1657,2017-12-06,14.0,6.0
1658,2017-12-07,13.0,6.0
1659,2017-12-08,15.0,4.0
1660,2017-12-09,14.0,2.0
1661,2017-12-10,16.0,3.0
1662,2017-12-11,12.0,2.0
1663,2017-12-12,11.0,6.0
1664,2017-12-13,10.0,5.0
1665,2017-12-14,10.0,5.0
1666,2017-12-15,13.0,4.0
1667,2017-12-16,12.0,2.0
1668,2017-12-17,11.0,3.0
1669,2017-12-18,14.0,1.0
1670,2017-12-19,15.0,0.0
1671,2017-12-20,15.0,1.0
1672,2017-12-21,13.0,2.0
1673,2017-12-22,13.0,2.0
1674,2017-12-23,15.0,3.0
1675,2017-12-24,16.0,3.0
1676,2017-12-25,12.0,3.0
1677,2017-12-26,17.0,3.0
1678,2017-12-27,13.0,3.0
1679,2017-12-28,12.0,2.0
1680,2016-01-01,13.0,3.0
1681,2016-01-02,14.0,6.0
1682,2016-01-03,11.0,4.0
1683,2016-01-04,15.0,4.0
1684,2016-01-05,13.0,7.0
1685,2016-01-06,11.0,6.0
1686,2016-01-07,13.0,3.0
1687,2016-01-08,8.0,4.0
1688,2016-01-09,8.0,4.0
1689,2016-01-10,10.0,4.0
1690,2016-01-11,10.0,5.0
1691,2016-01-12,9.0,5.0
1692,2016-01-13,7.0,3.0
1693,2016-01-14,9.0,-1.0
1694,2016-01-15,11.0,4.0
1695,2016-01-16,11.0,-1.0
1696,2016-01-17,12.0,4.0
1697,2016-01-18,9.0,6.0
1698,2016-01-19,10.0,7.0
1699,2016-01-20,8.0,3.0
1700,2016-01-21,8.0,4.0
1701,2016-01-22,6.0,-2.0
1702,2016-01-23,3.0,-3.0
1703,2016-01-24,4.0,-3.0
1704,2016-01-25,5.0,0.0
1705,2016-01-26,6.0,-1.0
1706,2016-01-27,8.0,1.0
1707,2016-01-28,8.0,1.0
1708,2016-02-01,7.0,1.0
1709,2016-02-02,9.0,2.0
1710,2016-02-03,7.0,3.0
1711,2016-02-04,12.0,4.0
1712,2016-02-05,11.0,2.0
1713,2016-02-06,12.0,0.0
1714,2016-02-07,14.0,3.0
1715,2016-02-08,14.0,4.0
1716,2016-02-09,15.0,4.0
1717,2016-02-10,16.0,5.0
1718,2016-02-11,17.0,7.0
1719,2016-02-12,18.0,7.0
1720,2016-02-13,12.0,2.0
1721,2016-02-14,8.0,1.0
1722,2016-02-15,8.0,1.0
1723,2016-02-16,10.0,2.0
1724,2016-02-17,12.0,2.0
1725,2016-02-18,13.0,3.0
1726,2016-02-19,13.0,4.0
1727,2016-02-20,13.0,4.0
1728,2016-02-21,11.0,5.0
1729,2016-02-22,14.0,7.0
1730,2016-02-23,11.0,4.0
1731,2016-02-24,11.0,5.0
1732,2016-02-25,14.0,4.0
1733,2016-02-26,16.0,4.0
1734,2016-02-27,18.0,6.0
1735,2016-02-28,19.0,7.0
1736,2016-03-01,20.0,7.0
1737,2016-03-02,21.0,8.0
1738,2016-03-03,23.0,11.0
1739,2016-03-04,22.0,8.0
1740,2016-03-05,22.0,11.0
1741,2016-03-06,24.0,13.0
1742,2016-03-07,22.0,13.0
1743,2016-03-08,19.0,8.0
1744,2016-03-09,15.0,7.0
1745,2016-03-10,12.0,4.0
1746,2016-03-11,13.0,6.0
1747,2016-03-12,14.0,7.0
1748,2016-03-13,16.0,4.0
1749,2016-03-14,15.0,10.0
1750,2016-03-15,16.0,10.0
1751,2016-03-16,18.0,10.0
1752,2016-03-17,18.0,10.0
1753,2016-03-18,24.0,11.0
1754,2016-03-19,21.0,12.0
1755,2016-03-20,22.0,13.0
1756,2016-03-21,17.0,13.0
1757,2016-03-22,15.0,12.0
1758,2016-03-23,13.0,9.0
1759,2016-03-24,17.0,8.0
1760,2016-03-25,18.0,10.0
1761,2016-03-26,17.0,7.0
1762,2016-03-27,18.0,11.0
1763,2016-03-28,18.0,12.0
1764,2016-04-01,24.0,13.0
1765,2016-04-02,23.0,12.0
1766,2016-04-03,28.0,16.0
1767,2016-04-04,27.0,16.0
1768,2016-04-05,24.0,17.0
1769,2016-04-06,22.0,15.0
1770,2016-04-07,26.0,14.0
1771,2016-04-08,23.0,16.0
1772,2016-04-09,20.0,14.0
1773,2016-04-10,25.0,15.0
1774,2016-04-11,25.0,15.0
1775,2016-04-12,25.0,15.0
1776,2016-04-13,22.0,15.0
1777,2016-04-14,21.0,15.0
1778,2016-04-15,23.0,13.0
1779,2016-04-16,24.0,14.0
1780,2016-04-17,21.0,10.0
1781,2016-04-18,23.0,12.0
1782,2016-04-19,25.0,14.0
1783,2016-04-20,27.0,15.0
1784,2016-04-21,23.0,14.0
1785,2016-04-22,22.0,14.0
1786,2016-04-23,24.0,14.0
1787,2016-04-24,22.0,15.0
1788,2016-04-25,23.0,15.0
1789,2016-04-26,25.0,14.0
1790,2016-04-27,27.0,15.0
1791,2016-04-28,26.0,15.0
1792,2016-05-01,29.0,17.0
1793,2016-05-02,29.0,17.0
1794,2016-05-03,31.0,18.0
1795,2016-05-04,32.0,19.0
1796,2016-05-05,29.0,20.0
1797,2016-05-06,27.0,20.0
1798,2016-05-07,24.0,17.0
1799,2016-05-08,26.0,16.0
1800,2016-05-09,29.0,17.0
1801,2016-05-10,31.0,18.0
1802,2016-05-11,32.0,18.0
1803,2016-05-12,27.0,16.0
1804,2016-05-13,25.0,18.0
1805,2016-05-14,24.0,16.0
1806,2016-05-15,25.0,13.0
1807,2016-05-16,26.0,14.0
1808,2016-05-17,23.0,16.0
1809,2016-05-18,27.0,18.0
1810,2016-05-19,26.0,18.0
1811,2016-05-20,28.0,18.0
1812,2016-05-21,25.0,17.0
1813,2016-05-22,20.0,17.0
1814,2016-05-23,27.0,16.0
1815,2016-05-24,27.0,17.0
1816,2016-05-25,22.0,16.0
1817,2016-05-26,22.0,15.0
1818,2016-05-27,24.0,17.0
1819,2016-05-28,26.0,18.0
1820,2016-06-01,29.0,23.0
1821,2016-06-02,30.0,21.0
1822,2016-06-03,29.0,18.0
1823,2016-06-04,31.0,20.0
1824,2016-06-05,29.0,20.0
1825,2016-06-06,32.0,20.0
1826,2016-06-07,29.0,20.0
1827,2016-06-08,29.0,21.0
1828,2016-06-09,28.0,18.0
1829,2016-06-10,27.0,18.0
1830,2016-06-11,29.0,20.0
1831,2016-06-12,29.0,21.0
1832,2016-06-13,29.0,22.0
1833,2016-06-14,29.0,24.0
1834,2016-06-15,26.0,18.0
1835,2016-06-16,29.0,19.0
1836,2016-06-17,29.0,22.0
1837,2016-06-18,29.0,23.0
1838,2016-06-19,29.0,23.0
1839,2016-06-20,29.0,23.0
1840,2016-06-21,29.0,25.0
1841,2016-06-23,30.0,23.0
1842,2016-06-24,30.0,20.0
1843,2016-06-25,28.0,20.0
1844,2016-06-26,26.0,21.0
1845,2016-06-27,28.0,20.0
1846,2016-06-28,32.0,21.0
1847,2016-06-29,32.0,22.0
1848,2016-07-01,33.0,23.0
1849,2016-07-02,33.0,22.0
1850,2016-07-03,30.0,21.0
1851,2016-07-04,31.0,23.0
1852,2016-07-05,27.0,22.0
1853,2016-07-06,25.0,21.0
1854,2016-07-07,27.0,23.0
1855,2016-07-08,30.0,23.0
1856,2016-07-09,28.0,23.0
1857,2016-07-10,32.0,24.0
1858,2016-07-11,31.0,23.0
1859,2016-07-12,31.0,24.0
1860,2016-07-13,30.0,23.0
1861,2016-07-14,29.0,20.0
1862,2016-07-15,32.0,20.0
1863,2016-07-16,33.0,23.0
1864,2016-07-17,31.0,23.0
1865,2016-07-18,27.0,22.0
1866,2016-07-19,34.0,22.0
1867,2016-07-20,34.0,23.0
1868,2016-07-21,33.0,24.0
1869,2016-07-22,30.0,23.0
1870,2016-07-23,30.0,24.0
1871,2016-07-24,31.0,24.0
1872,2016-07-25,30.0,23.0
1873,2016-07-26,30.0,23.0
1874,2016-07-27,32.0,22.0
1875,2016-07-28,33.0,21.0
1876,2016-08-01,33.0,23.0
1877,2016-08-02,32.0,22.0
1878,2016-08-03,30.0,22.0
1879,2016-08-04,32.0,21.0
1880,2016-08-05,31.0,22.0
1881,2016-08-06,32.0,23.0
1882,2016-08-07,31.0,22.0
1883,2016-08-08,30.0,22.0
1884,2016-08-09,32.0,22.0
1885,2016-08-10,31.0,22.0
1886,2016-08-11,34.0,23.0
1887,2016-08-12,34.0,24.0
1888,2016-08-13,34.0,23.0
1889,2016-08-14,34.0,25.0
1890,2016-08-15,33.0,24.0
1891,2016-08-16,33.0,24.0
1892,2016-08-17,34.0,25.0
1893,2016-08-18,34.0,23.0
1894,2016-08-19,34.0,23.0
1895,2016-08-20,34.0,24.0
1896,2016-08-21,34.0,25.0
1897,2016-08-22,34.0,25.0
1898,2016-08-23,34.0,25.0
1899,2016-08-24,36.0,25.0
1900,2016-08-25,34.0,22.0
1901,2016-08-26,30.0,22.0
1902,2016-08-27,29.0,21.0
1903,2016-08-28,30.0,22.0
1904,2016-09-01,29.0,17.0
1905,2016-09-02,30.0,20.0
1906,2016-09-03,27.0,20.0
1907,2016-09-04,24.0,20.0
1908,2016-09-05,22.0,19.0
1909,2016-09-06,27.0,19.0
1910,2016-09-07,25.0,20.0
1911,2016-09-08,25.0,19.0
1912,2016-09-09,29.0,20.0
1913,2016-09-10,29.0,18.0
1914,2016-09-11,32.0,19.0
1915,2016-09-12,28.0,19.0
1916,2016-09-13,25.0,19.0
1917,2016-09-14,21.0,18.0
1918,2016-09-15,28.0,18.0
1919,2016-09-16,26.0,19.0
1920,2016-09-17,25.0,20.0
1921,2016-09-18,23.0,18.0
1922,2016-09-19,23.0,17.0
1923,2016-09-20,24.0,17.0
1924,2016-09-21,27.0,18.0
1925,2016-09-22,26.0,19.0
1926,2016-09-23,22.0,18.0
1927,2016-09-24,24.0,18.0
1928,2016-09-25,24.0,18.0
1929,2016-09-26,25.0,19.0
1930,2016-09-27,26.0,19.0
1931,2016-09-28,28.0,19.0
1932,2016-10-01,30.0,19.0
1933,2016-10-02,32.0,19.0
1934,2016-10-03,29.0,20.0
1935,2016-10-04,27.0,18.0
1936,2016-10-05,23.0,18.0
1937,2016-10-06,24.0,19.0
1938,2016-10-07,22.0,18.0
1939,2016-10-08,20.0,14.0
1940,2016-10-09,19.0,15.0
1941,2016-10-10,18.0,14.0
1942,2016-10-11,18.0,15.0
1943,2016-10-12,17.0,14.0
1944,2016-10-13,20.0,15.0
1945,2016-10-14,19.0,15.0
1946,2016-10-15,21.0,15.0
1947,2016-10-16,24.0,15.0
1948,2016-10-17,24.0,15.0
1949,2016-10-18,22.0,16.0
1950,2016-10-19,21.0,16.0
1951,2016-10-20,24.0,17.0
1952,2016-10-21,22.0,18.0
1953,2016-10-22,22.0,17.0
1954,2016-10-23,21.0,16.0
1955,2016-10-24,22.0,17.0
1956,2016-10-25,21.0,15.0
1957,2016-10-26,21.0,15.0
1958,2016-10-27,21.0,13.0
1959,2016-10-28,16.0,8.0
1960,2016-11-01,17.0,12.0
1961,2016-11-02,19.0,12.0
1962,2016-11-03,19.0,11.0
1963,2016-11-04,20.0,12.0
1964,2016-11-05,20.0,14.0
1965,2016-11-06,19.0,12.0
1966,2016-11-07,13.0,9.0
1967,2016-11-08,12.0,8.0
1968,2016-11-09,13.0,7.0
1969,2016-11-10,15.0,8.0
1970,2016-11-11,16.0,9.0
1971,2016-11-12,18.0,7.0
1972,2016-11-13,18.0,9.0
1973,2016-11-14,19.0,10.0
1974,2016-11-15,19.0,11.0
1975,2016-11-16,18.0,12.0
1976,2016-11-17,20.0,13.0
1977,2016-11-18,21.0,13.0
1978,2016-11-19,19.0,11.0
1979,2016-11-20,20.0,11.0
1980,2016-11-21,19.0,11.0
1981,2016-11-22,12.0,6.0
1982,2016-11-23,9.0,5.0
1983,2016-11-24,9.0,5.0
1984,2016-11-25,10.0,4.0
1985,2016-11-26,13.0,4.0
1986,2016-11-27,12.0,6.0
1987,2016-11-28,12.0,6.0
1988,2016-12-01,14.0,8.0
1989,2016-12-02,11.0,8.0
1990,2016-12-03,12.0,4.0
1991,2016-12-04,16.0,5.0
1992,2016-12-05,15.0,3.0
1993,2016-12-06,16.0,2.0
1994,2016-12-07,15.0,2.0
1995,2016-12-08,15.0,6.0
1996,2016-12-09,14.0,7.0
1997,2016-12-10,15.0,3.0
1998,2016-12-11,13.0,7.0
1999,2016-12-12,14.0,7.0
2000,2016-12-13,12.0,7.0
2001,2016-12-14,12.0,8.0
2002,2016-12-15,12.0,4.0
2003,2016-12-16,12.0,5.0
2004,2016-12-17,12.0,6.0
2005,2016-12-18,12.0,7.0
2006,2016-12-19,13.0,8.0
2007,2016-12-20,13.0,6.0
2008,2016-12-21,14.0,3.0
2009,2016-12-22,15.0,6.0
2010,2016-12-23,11.0,7.0
2011,2016-12-24,11.0,7.0
2012,2016-12-26,11.0,4.0
2013,2016-12-27,11.0,3.0
2014,2016-12-28,12.0,4.0
2015,2016-12-29,11.0,6.0
2016,2015-01-01,12.0,4.0
2017,2015-01-02,10.0,5.0
2018,2015-01-03,11.0,3.0
2019,2015-01-04,9.0,1.0
2020,2015-01-05,9.0,5.0
2021,2015-01-06,11.0,2.0
2022,2015-01-07,9.0,3.0
2023,2015-01-08,11.0,5.0
2024,2015-01-09,12.0,2.0
2025,2015-01-10,12.0,2.0
2026,2015-01-11,11.0,4.0
2027,2015-01-12,13.0,3.0
2028,2015-01-13,11.0,2.0
2029,2015-01-14,10.0,5.0
2030,2015-01-15,11.0,5.0
2031,2015-01-16,11.0,4.0
2032,2015-01-17,11.0,6.0
2033,2015-01-18,11.0,5.0
2034,2015-01-19,11.0,4.0
2035,2015-01-20,14.0,3.0
2036,2015-01-21,15.0,2.0
2037,2015-01-22,14.0,3.0
2038,2015-01-23,13.0,3.0
2039,2015-01-24,13.0,6.0
2040,2015-01-25,14.0,6.0
2041,2015-01-26,14.0,8.0
2042,2015-01-27,13.0,9.0
2043,2015-01-28,8.0,6.0
2044,2015-02-01,5.0,2.0
2045,2015-02-02,10.0,2.0
2046,2015-02-03,10.0,2.0
2047,2015-02-04,11.0,2.0
2048,2015-02-05,11.0,2.0
2049,2015-02-06,11.0,2.0
2050,2015-02-07,13.0,4.0
2051,2015-02-08,11.0,0.0
2052,2015-02-09,11.0,4.0
2053,2015-02-10,11.0,4.0
2054,2015-02-11,16.0,2.0
2055,2015-02-12,17.0,1.0
2056,2015-02-13,14.0,6.0
2057,2015-02-14,14.0,6.0
2058,2015-02-15,17.0,5.0
2059,2015-02-16,19.0,5.0
2060,2015-02-17,19.0,4.0
2061,2015-02-18,17.0,10.0
2062,2015-02-19,14.0,10.0
2063,2015-02-20,17.0,10.0
2064,2015-02-21,16.0,11.0
2065,2015-02-22,16.0,10.0
2066,2015-02-23,14.0,8.0
2067,2015-02-24,17.0,8.0
2068,2015-02-25,16.0,6.0
2069,2015-02-26,15.0,9.0
2070,2015-02-27,13.0,8.0
2071,2015-02-28,12.0,8.0
2072,2015-03-01,14.0,2.0
2073,2015-03-02,13.0,4.0
2074,2015-03-03,12.0,5.0
2075,2015-03-04,10.0,6.0
2076,2015-03-05,10.0,4.0
2077,2015-03-06,12.0,3.0
2078,2015-03-07,14.0,6.0
2079,2015-03-08,17.0,7.0
2080,2015-03-09,20.0,7.0
2081,2015-03-10,15.0,8.0
2082,2015-03-11,16.0,8.0
2083,2015-03-12,20.0,8.0
2084,2015-03-13,20.0,8.0
2085,2015-03-14,19.0,8.0
2086,2015-03-15,20.0,11.0
2087,2015-03-16,21.0,12.0
2088,2015-03-17,20.0,15.0
2089,2015-03-18,20.0,14.0
2090,2015-03-19,18.0,13.0
2091,2015-03-20,20.0,12.0
2092,2015-03-21,22.0,9.0
2093,2015-03-22,22.0,12.0
2094,2015-03-23,23.0,12.0
2095,2015-03-24,19.0,13.0
2096,2015-03-25,21.0,13.0
2097,2015-03-26,22.0,15.0
2098,2015-03-27,20.0,15.0
2099,2015-03-28,22.0,15.0
2100,2015-04-01,26.0,18.0
2101,2015-04-02,30.0,18.0
2102,2015-04-03,27.0,18.0
2103,2015-04-04,26.0,17.0
2104,2015-04-05,21.0,16.0
2105,2015-04-06,16.0,12.0
2106,2015-04-07,17.0,11.0
2107,2015-04-08,17.0,10.0
2108,2015-04-09,18.0,9.0
2109,2015-04-10,17.0,10.0
2110,2015-04-11,23.0,11.0
2111,2015-04-12,27.0,11.0
2112,2015-04-13,25.0,12.0
2113,2015-04-14,23.0,13.0
2114,2015-04-15,28.0,12.0
2115,2015-04-16,28.0,14.0
2116,2015-04-17,28.0,16.0
2117,2015-04-18,25.0,17.0
2118,2015-04-19,24.0,16.0
2119,2015-04-20,25.0,13.0
2120,2015-04-21,20.0,15.0
2121,2015-04-22,21.0,15.0
2122,2015-04-23,19.0,13.0
2123,2015-04-24,24.0,13.0
2124,2015-04-25,26.0,14.0
2125,2015-04-26,27.0,16.0
2126,2015-04-27,30.0,16.0
2127,2015-04-28,30.0,18.0
2128,2015-05-01,26.0,18.0
2129,2015-05-02,30.0,16.0
2130,2015-05-03,27.0,17.0
2131,2015-05-04,25.0,18.0
2132,2015-05-05,25.0,15.0
2133,2015-05-06,28.0,16.0
2134,2015-05-07,30.0,18.0
2135,2015-05-08,30.0,17.0
2136,2015-05-09,32.0,18.0
2137,2015-05-10,30.0,17.0
2138,2015-05-11,29.0,15.0
2139,2015-05-12,29.0,16.0
2140,2015-05-13,30.0,18.0
2141,2015-05-14,33.0,19.0
2142,2015-05-15,29.0,19.0
2143,2015-05-16,31.0,18.0
2144,2015-05-17,28.0,19.0
2145,2015-05-18,31.0,22.0
2146,2015-05-19,32.0,23.0
2147,2015-05-20,32.0,18.0
2148,2015-05-21,27.0,18.0
2149,2015-05-22,21.0,16.0
2150,2015-05-23,28.0,18.0
2151,2015-05-24,29.0,19.0
2152,2015-05-25,28.0,21.0
2153,2015-05-26,28.0,22.0
2154,2015-05-27,30.0,21.0
2155,2015-05-28,28.0,18.0
2156,2015-06-01,32.0,22.0
2157,2015-06-02,31.0,22.0
2158,2015-06-03,29.0,20.0
2159,2015-06-04,27.0,20.0
2160,2015-06-05,31.0,20.0
2161,2015-06-06,29.0,19.0
2162,2015-06-07,30.0,20.0
2163,2015-06-08,32.0,21.0
2164,2015-06-09,32.0,23.0
2165,2015-06-10,32.0,24.0
2166,2015-06-11,33.0,22.0
2167,2015-06-12,29.0,20.0
2168,2015-06-13,30.0,22.0
2169,2015-06-14,28.0,21.0
2170,2015-06-15,29.0,22.0
2171,2015-06-16,29.0,22.0
2172,2015-06-17,31.0,24.0
2173,2015-06-18,32.0,21.0
2174,2015-06-19,32.0,21.0
2175,2015-06-20,28.0,21.0
2176,2015-06-21,31.0,23.0
2177,2015-06-22,29.0,21.0
2178,2015-06-23,27.0,23.0
2179,2015-06-24,31.0,23.0
2180,2015-06-25,31.0,24.0
2181,2015-06-26,31.0,24.0
2182,2015-06-27,31.0,24.0
2183,2015-06-28,31.0,23.0
2184,2015-07-01,32.0,23.0
2185,2015-07-02,29.0,21.0
2186,2015-07-03,26.0,19.0
2187,2015-07-04,24.0,19.0
2188,2015-07-05,28.0,20.0
2189,2015-07-06,30.0,21.0
2190,2015-07-07,30.0,21.0
2191,2015-07-08,30.0,21.0
2192,2015-07-09,28.0,20.0
2193,2015-07-10,32.0,22.0
2194,2015-07-11,32.0,24.0
2195,2015-07-12,33.0,23.0
2196,2015-07-13,33.0,22.0
2197,2015-07-14,27.0,21.0
2198,2015-07-15,32.0,23.0
2199,2015-07-16,33.0,23.0
2200,2015-07-17,33.0,22.0
2201,2015-07-18,33.0,22.0
2202,2015-07-19,33.0,23.0
2203,2015-07-20,31.0,21.0
2204,2015-07-21,28.0,21.0
2205,2015-07-22,31.0,21.0
2206,2015-07-23,34.0,22.0
2207,2015-07-24,35.0,22.0
2208,2015-07-25,35.0,22.0
2209,2015-07-26,35.0,23.0
2210,2015-07-27,35.0,23.0
2211,2015-07-28,34.0,23.0
2212,2015-08-01,34.0,24.0
2213,2015-08-02,35.0,24.0
2214,2015-08-03,35.0,24.0
2215,2015-08-04,31.0,23.0
2216,2015-08-05,34.0,22.0
2217,2015-08-06,35.0,22.0
2218,2015-08-07,29.0,22.0
2219,2015-08-08,24.0,20.0
2220,2015-08-09,31.0,22.0
2221,2015-08-10,31.0,22.0
2222,2015-08-11,32.0,24.0
2223,2015-08-12,32.0,23.0
2224,2015-08-13,32.0,23.0
2225,2015-08-14,32.0,23.0
2226,2015-08-15,33.0,23.0
2227,2015-08-16,30.0,21.0
2228,2015-08-17,25.0,20.0
2229,2015-08-18,26.0,20.0
2230,2015-08-19,28.0,20.0
2231,2015-08-20,30.0,19.0
2232,2015-08-21,31.0,20.0
2233,2015-08-22,31.0,21.0
2234,2015-08-23,31.0,21.0
2235,2015-08-24,29.0,20.0
2236,2015-08-25,26.0,20.0
2237,2015-08-26,28.0,21.0
2238,2015-08-27,26.0,21.0
2239,2015-08-28,27.0,20.0
2240,2015-09-01,29.0,20.0
2241,2015-09-02,27.0,21.0
2242,2015-09-03,26.0,22.0
2243,2015-09-04,29.0,21.0
2244,2015-09-05,32.0,20.0
2245,2015-09-06,31.0,21.0
2246,2015-09-07,29.0,20.0
2247,2015-09-08,24.0,21.0
2248,2015-09-09,24.0,20.0
2249,2015-09-10,25.0,20.0
2250,2015-09-11,26.0,17.0
2251,2015-09-12,27.0,18.0
2252,2015-09-13,24.0,17.0
2253,2015-09-14,26.0,17.0
2254,2015-09-15,25.0,18.0
2255,2015-09-16,23.0,19.0
2256,2015-09-17,21.0,18.0
2257,2015-09-18,25.0,18.0
2258,2015-09-19,24.0,17.0
2259,2015-09-20,26.0,17.0
2260,2015-09-21,24.0,19.0
2261,2015-09-22,25.0,17.0
2262,2015-09-23,26.0,16.0
2263,2015-09-24,23.0,18.0
2264,2015-09-25,26.0,18.0
2265,2015-09-26,24.0,18.0
2266,2015-09-27,22.0,18.0
2267,2015-09-28,25.0,19.0
2268,2015-10-01,24.0,15.0
2269,2015-10-02,24.0,17.0
2270,2015-10-03,22.0,17.0
2271,2015-10-04,22.0,16.0
2272,2015-10-05,23.0,15.0
2273,2015-10-06,24.0,15.0
2274,2015-10-07,27.0,17.0
2275,2015-10-08,25.0,17.0
2276,2015-10-09,23.0,14.0
2277,2015-10-10,26.0,14.0
2278,2015-10-11,26.0,14.0
2279,2015-10-12,26.0,16.0
2280,2015-10-13,26.0,15.0
2281,2015-10-14,28.0,15.0
2282,2015-10-15,27.0,15.0
2283,2015-10-16,25.0,19.0
2284,2015-10-17,24.0,16.0
2285,2015-10-18,23.0,13.0
2286,2015-10-19,26.0,13.0
2287,2015-10-20,26.0,17.0
2288,2015-10-21,26.0,18.0
2289,2015-10-22,23.0,18.0
2290,2015-10-23,21.0,17.0
2291,2015-10-24,23.0,17.0
2292,2015-10-25,25.0,19.0
2293,2015-10-26,20.0,15.0
2294,2015-10-27,20.0,11.0
2295,2015-10-28,21.0,11.0
2296,2015-11-01,19.0,12.0
2297,2015-11-02,18.0,12.0
2298,2015-11-03,18.0,13.0
2299,2015-11-04,17.0,13.0
2300,2015-11-05,20.0,14.0
2301,2015-11-06,21.0,14.0
2302,2015-11-07,21.0,14.0
2303,2015-11-08,22.0,13.0
2304,2015-11-09,19.0,11.0
2305,2015-11-10,18.0,14.0
2306,2015-11-11,15.0,12.0
2307,2015-11-12,16.0,10.0
2308,2015-11-13,17.0,11.0
2309,2015-11-14,18.0,12.0
2310,2015-11-15,19.0,11.0
2311,2015-11-16,19.0,13.0
2312,2015-11-17,19.0,12.0
2313,2015-11-18,18.0,13.0
2314,2015-11-19,21.0,13.0
2315,2015-11-20,20.0,13.0
2316,2015-11-21,19.0,13.0
2317,2015-11-22,20.0,14.0
2318,2015-11-23,18.0,12.0
2319,2015-11-24,15.0,10.0
2320,2015-11-25,16.0,9.0
2321,2015-11-26,15.0,7.0
2322,2015-11-27,11.0,9.0
2323,2015-11-28,14.0,5.0
2324,2015-12-01,16.0,9.0
2325,2015-12-02,16.0,9.0
2326,2015-12-03,13.0,10.0
2327,2015-12-04,11.0,8.0
2328,2015-12-05,13.0,7.0
2329,2015-12-06,14.0,7.0
2330,2015-12-07,13.0,9.0
2331,2015-12-08,12.0,7.0
2332,2015-12-09,14.0,8.0
2333,2015-12-10,14.0,9.0
2334,2015-12-11,13.0,8.0
2335,2015-12-12,11.0,8.0
2336,2015-12-13,10.0,5.0
2337,2015-12-14,9.0,3.0
2338,2015-12-15,9.0,1.0
2339,2015-12-16,11.0,1.0
2340,2015-12-17,8.0,3.0
2341,2015-12-18,8.0,3.0
2342,2015-12-19,8.0,0.0
2343,2015-12-20,9.0,4.0
2344,2015-12-21,9.0,4.0
2345,2015-12-22,10.0,3.0
2346,2015-12-23,11.0,3.0
2347,2015-12-24,11.0,4.0
2348,2015-12-25,12.0,2.0
2349,2015-12-26,13.0,1.0
2350,2015-12-27,12.0,2.0
2351,2015-12-28,12.0,4.0
2352,2014-01-01,9.0,0.0
2353,2014-01-02,8.0,2.0
2354,2014-01-03,11.0,0.0
2355,2014-01-04,13.0,-2.0
2356,2014-01-05,11.0,3.0
2357,2014-01-06,9.0,3.0
2358,2014-01-07,9.0,4.0
2359,2014-01-08,10.0,2.0
2360,2014-01-09,9.0,2.0
2361,2014-01-10,8.0,3.0
2362,2014-01-11,10.0,3.0
2363,2014-01-12,9.0,3.0
2364,2014-01-13,12.0,-1.0
2365,2014-01-14,10.0,2.0
2366,2014-01-15,10.0,2.0
2367,2014-01-16,11.0,4.0
2368,2014-01-17,12.0,2.0
2369,2014-01-18,11.0,3.0
2370,2014-01-19,9.0,4.0
2371,2014-01-20,14.0,2.0
2372,2014-01-21,14.0,0.0
2373,2014-01-22,15.0,1.0
2374,2014-01-23,14.0,1.0
2375,2014-01-24,16.0,3.0
2376,2014-01-25,16.0,2.0
2377,2014-01-26,15.0,6.0
2378,2014-01-27,14.0,5.0
2379,2014-01-28,15.0,5.0
2380,2014-02-01,16.0,4.0
2381,2014-02-02,18.0,5.0
2382,2014-02-03,18.0,5.0
2383,2014-02-04,15.0,10.0
2384,2014-02-05,13.0,9.0
2385,2014-02-06,10.0,6.0
2386,2014-02-07,9.0,3.0
2387,2014-02-08,7.0,3.0
2388,2014-02-09,7.0,4.0
2389,2014-02-10,7.0,4.0
2390,2014-02-11,4.0,-1.0
2391,2014-02-12,4.0,-2.0
2392,2014-02-13,6.0,1.0
2393,2014-02-14,8.0,1.0
2394,2014-02-15,8.0,1.0
2395,2014-02-16,8.0,2.0
2396,2014-02-17,7.0,3.0
2397,2014-02-18,6.0,2.0
2398,2014-02-19,11.0,0.0
2399,2014-02-20,11.0,4.0
2400,2014-02-21,11.0,5.0
2401,2014-02-22,11.0,5.0
2402,2014-02-23,13.0,6.0
2403,2014-02-24,14.0,8.0
2404,2014-02-25,15.0,6.0
2405,2014-02-26,13.0,8.0
2406,2014-02-27,13.0,7.0
2407,2014-02-28,11.0,7.0
2408,2014-03-01,12.0,6.0
2409,2014-03-02,12.0,7.0
2410,2014-03-03,11.0,7.0
2411,2014-03-04,15.0,5.0
2412,2014-03-05,15.0,7.0
2413,2014-03-06,11.0,8.0
2414,2014-03-07,11.0,7.0
2415,2014-03-08,13.0,7.0
2416,2014-03-09,16.0,7.0
2417,2014-03-10,16.0,8.0
2418,2014-03-11,16.0,8.0
2419,2014-03-12,19.0,8.0
2420,2014-03-13,16.0,9.0
2421,2014-03-14,18.0,8.0
2422,2014-03-15,19.0,8.0
2423,2014-03-16,20.0,7.0
2424,2014-03-17,21.0,9.0
2425,2014-03-18,23.0,10.0
2426,2014-03-19,23.0,11.0
2427,2014-03-20,19.0,9.0
2428,2014-03-21,14.0,7.0
2429,2014-03-22,15.0,8.0
2430,2014-03-23,14.0,8.0
2431,2014-03-24,17.0,8.0
2432,2014-03-25,19.0,9.0
2433,2014-03-26,23.0,7.0
2434,2014-03-27,21.0,11.0
2435,2014-03-28,24.0,13.0
2436,2014-04-01,19.0,12.0
2437,2014-04-02,20.0,10.0
2438,2014-04-03,23.0,12.0
2439,2014-04-04,21.0,13.0
2440,2014-04-05,17.0,12.0
2441,2014-04-06,22.0,11.0
2442,2014-04-07,22.0,13.0
2443,2014-04-08,22.0,14.0
2444,2014-04-09,22.0,14.0
2445,2014-04-10,24.0,15.0
2446,2014-04-11,24.0,17.0
2447,2014-04-12,26.0,15.0
2448,2014-04-13,26.0,16.0
2449,2014-04-14,27.0,18.0
2450,2014-04-15,27.0,17.0
2451,2014-04-16,27.0,17.0
2452,2014-04-17,26.0,18.0
2453,2014-04-18,27.0,18.0
2454,2014-04-19,26.0,17.0
2455,2014-04-20,24.0,17.0
2456,2014-04-21,20.0,15.0
2457,2014-04-22,22.0,12.0
2458,2014-04-23,26.0,15.0
2459,2014-04-24,25.0,15.0
2460,2014-04-25,21.0,13.0
2461,2014-04-26,24.0,13.0
2462,2014-04-27,26.0,13.0
2463,2014-04-28,25.0,14.0
2464,2014-05-01,25.0,14.0
2465,2014-05-02,22.0,15.0
2466,2014-05-03,22.0,15.0
2467,2014-05-04,25.0,14.0
2468,2014-05-05,26.0,14.0
2469,2014-05-06,27.0,15.0
2470,2014-05-07,28.0,14.0
2471,2014-05-08,24.0,15.0
2472,2014-05-09,25.0,16.0
2473,2014-05-10,24.0,16.0
2474,2014-05-11,27.0,15.0
2475,2014-05-12,27.0,18.0
2476,2014-05-13,27.0,17.0
2477,2014-05-14,25.0,18.0
2478,2014-05-15,23.0,16.0
2479,2014-05-16,24.0,15.0
2480,2014-05-17,27.0,16.0
2481,2014-05-18,28.0,18.0
2482,2014-05-19,28.0,19.0
2483,2014-05-20,29.0,18.0
2484,2014-05-21,28.0,18.0
2485,2014-05-22,27.0,18.0
2486,2014-05-23,26.0,19.0
2487,2014-05-24,27.0,19.0
2488,2014-05-25,25.0,20.0
2489,2014-05-26,30.0,19.0
2490,2014-05-27,30.0,18.0
2491,2014-05-28,30.0,19.0
2492,2014-06-01,32.0,23.0
2493,2014-06-02,32.0,24.0
2494,2014-06-03,28.0,22.0
2495,2014-06-04,27.0,23.0
2496,2014-06-05,28.0,22.0
2497,2014-06-06,29.0,21.0
2498,2014-06-07,31.0,21.0
2499,2014-06-08,32.0,20.0
2500,2014-06-09,32.0,20.0
2501,2014-06-10,19.0,24.0
2502,2014-06-11,19.0,24.0
2503,2014-06-12,18.0,23.0
2504,2014-06-13,26.0,19.0
2505,2014-06-14,20.0,26.0
2506,2014-06-15,21.0,30.0
2507,2014-06-16,22.0,30.0
2508,2014-06-17,32.0,21.0
2509,2014-06-18,20.0,25.0
2510,2014-06-19,22.0,30.0
2511,2014-06-20,21.0,29.0
2512,2014-06-21,21.0,29.0
2513,2014-06-22,19.0,26.0
2514,2014-06-23,26.0,19.0
2515,2014-06-24,19.0,26.0
2516,2014-06-25,21.0,28.0
2517,2014-06-26,22.0,29.0
2518,2014-06-27,22.0,26.0
2519,2014-06-28,21.0,27.0
2520,2014-07-01,29.0,20.0
2521,2014-07-02,28.0,22.0
2522,2014-07-03,22.0,31.0
2523,2014-07-04,21.0,32.0
2524,2014-07-05,28.0,24.0
2525,2014-07-06,28.0,23.0
2526,2014-07-07,23.0,29.0
2527,2014-07-08,28.0,24.0
2528,2014-07-09,26.0,21.0
2529,2014-07-10,27.0,21.0
2530,2014-07-11,28.0,22.0
2531,2014-07-12,28.0,23.0
2532,2014-07-13,29.0,21.0
2533,2014-07-14,32.0,21.0
2534,2014-07-15,31.0,21.0
2535,2014-07-16,31.0,21.0
2536,2014-07-17,31.0,22.0
2537,2014-07-18,30.0,22.0
2538,2014-07-19,29.0,22.0
2539,2014-07-20,28.0,22.0
2540,2014-07-21,29.0,23.0
2541,2014-07-22,32.0,24.0
2542,2014-07-23,33.0,24.0
2543,2014-07-24,34.0,25.0
2544,2014-07-25,34.0,22.0
2545,2014-07-26,33.0,24.0
2546,2014-07-27,34.0,23.0
2547,2014-07-28,33.0,24.0
2548,2014-08-01,32.0,23.0
2549,2014-08-02,32.0,24.0
2550,2014-08-03,34.0,24.0
2551,2014-08-04,33.0,24.0
2552,2014-08-05,32.0,23.0
2553,2014-08-06,33.0,23.0
2554,2014-08-07,30.0,23.0
2555,2014-08-08,29.0,23.0
2556,2014-08-09,26.0,22.0
2557,2014-08-10,27.0,22.0
2558,2014-08-11,27.0,22.0
2559,2014-08-12,27.0,22.0
2560,2014-08-13,31.0,20.0
2561,2014-08-14,31.0,20.0
2562,2014-08-15,28.0,22.0
2563,2014-08-16,27.0,23.0
2564,2014-08-17,26.0,21.0
2565,2014-08-18,30.0,22.0
2566,2014-08-19,31.0,22.0
2567,2014-08-20,31.0,22.0
2568,2014-08-21,27.0,22.0
2569,2014-08-22,23.0,19.0
2570,2014-08-23,26.0,19.0
2571,2014-08-24,31.0,20.0
2572,2014-08-25,30.0,20.0
2573,2014-08-26,24.0,20.0
2574,2014-08-27,26.0,19.0
2575,2014-08-28,28.0,19.0
2576,2014-09-01,26.0,21.0
2577,2014-09-02,27.0,21.0
2578,2014-09-03,27.0,19.0
2579,2014-09-04,28.0,17.0
2580,2014-09-05,28.0,18.0
2581,2014-09-06,27.0,21.0
2582,2014-09-07,28.0,21.0
2583,2014-09-08,28.0,22.0
2584,2014-09-09,26.0,21.0
2585,2014-09-10,28.0,22.0
2586,2014-09-11,29.0,22.0
2587,2014-09-12,29.0,22.0
2588,2014-09-13,27.0,22.0
2589,2014-09-14,24.0,20.0
2590,2014-09-15,24.0,20.0
2591,2014-09-16,24.0,19.0
2592,2014-09-17,25.0,19.0
2593,2014-09-18,23.0,18.0
2594,2014-09-19,28.0,17.0
2595,2014-09-20,28.0,19.0
2596,2014-09-21,27.0,20.0
2597,2014-09-22,25.0,20.0
2598,2014-09-23,24.0,19.0
2599,2014-09-24,25.0,18.0
2600,2014-09-25,26.0,17.0
2601,2014-09-26,24.0,18.0
2602,2014-09-27,24.0,19.0
2603,2014-09-28,26.0,19.0
2604,2014-10-01,26.0,19.0
2605,2014-10-02,29.0,18.0
2606,2014-10-03,28.0,19.0
2607,2014-10-04,28.0,19.0
2608,2014-10-05,29.0,16.0
2609,2014-10-06,26.0,15.0
2610,2014-10-07,26.0,17.0
2611,2014-10-08,26.0,18.0
2612,2014-10-09,25.0,19.0
2613,2014-10-10,23.0,17.0
2614,2014-10-11,20.0,16.0
2615,2014-10-12,16.0,14.0
2616,2014-10-13,19.0,13.0
2617,2014-10-14,21.0,11.0
2618,2014-10-15,18.0,14.0
2619,2014-10-16,17.0,13.0
2620,2014-10-17,18.0,14.0
2621,2014-10-18,21.0,15.0
2622,2014-10-19,21.0,14.0
2623,2014-10-20,25.0,15.0
2624,2014-10-21,25.0,15.0
2625,2014-10-22,23.0,16.0
2626,2014-10-23,23.0,15.0
2627,2014-10-24,25.0,13.0
2628,2014-10-25,24.0,14.0
2629,2014-10-26,24.0,14.0
2630,2014-10-27,18.0,16.0
2631,2014-10-28,21.0,15.0
2632,2014-11-01,17.0,13.0
2633,2014-11-02,16.0,12.0
2634,2014-11-03,18.0,7.0
2635,2014-11-04,17.0,9.0
2636,2014-11-05,19.0,9.0
2637,2014-11-06,18.0,12.0
2638,2014-11-07,18.0,12.0
2639,2014-11-08,15.0,10.0
2640,2014-11-09,15.0,10.0
2641,2014-11-10,15.0,10.0
2642,2014-11-11,16.0,10.0
2643,2014-11-12,17.0,10.0
2644,2014-11-13,17.0,9.0
2645,2014-11-14,16.0,7.0
2646,2014-11-15,16.0,10.0
2647,2014-11-16,14.0,9.0
2648,2014-11-17,12.0,10.0
2649,2014-11-18,16.0,10.0
2650,2014-11-19,16.0,8.0
2651,2014-11-20,15.0,8.0
2652,2014-11-21,14.0,8.0
2653,2014-11-22,15.0,11.0
2654,2014-11-23,14.0,9.0
2655,2014-11-24,15.0,9.0
2656,2014-11-25,15.0,8.0
2657,2014-11-26,14.0,10.0
2658,2014-11-27,17.0,8.0
2659,2014-11-28,15.0,9.0
2660,2014-12-01,12.0,8.0
2661,2014-12-02,13.0,7.0
2662,2014-12-03,13.0,9.0
2663,2014-12-04,13.0,4.0
2664,2014-12-05,13.0,7.0
2665,2014-12-06,11.0,8.0
2666,2014-12-07,13.0,6.0
2667,2014-12-08,13.0,4.0
2668,2014-12-09,8.0,6.0
2669,2014-12-10,8.0,4.0
2670,2014-12-11,8.0,3.0
2671,2014-12-12,11.0,1.0
2672,2014-12-13,10.0,1.0
2673,2014-12-14,10.0,3.0
2674,2014-12-15,10.0,5.0
2675,2014-12-16,10.0,3.0
2676,2014-12-17,11.0,1.0
2677,2014-12-18,11.0,2.0
2678,2014-12-19,11.0,-1.0
2679,2014-12-20,10.0,1.0
2680,2014-12-21,10.0,0.0
2681,2014-12-22,12.0,-2.0
2682,2014-12-23,11.0,-1.0
2683,2014-12-24,11.0,2.0
2684,2014-12-25,11.0,4.0
2685,2014-12-26,9.0,4.0
2686,2014-12-27,11.0,4.0
2687,2014-12-28,12.0,1.0
2688,2013-01-01,8.0,-2.0
2689,2013-01-02,7.0,1.0
2690,2013-01-03,4.0,-1.0
2691,2013-01-04,4.0,-1.0
2692,2013-01-05,5.0,0.0
2693,2013-01-06,5.0,0.0
2694,2013-01-07,7.0,-2.0
2695,2013-01-08,8.0,0.0
2696,2013-01-09,9.0,-1.0
2697,2013-01-10,8.0,1.0
2698,2013-01-11,9.0,3.0
2699,2013-01-12,10.0,-2.0
2700,2013-01-13,11.0,0.0
2701,2013-01-14,9.0,3.0
2702,2013-01-15,9.0,1.0
2703,2013-01-16,11.0,3.0
2704,2013-01-17,12.0,3.0
2705,2013-01-18,11.0,3.0
2706,2013-01-19,9.0,5.0
2707,2013-01-20,10.0,6.0
2708,2013-01-21,11.0,5.0
2709,2013-01-22,12.0,2.0
2710,2013-01-23,14.0,2.0
2711,2013-01-24,14.0,3.0
2712,2013-01-25,16.0,2.0
2713,2013-01-26,15.0,3.0
2714,2013-01-27,16.0,3.0
2715,2013-01-28,15.0,5.0
2716,2013-02-01,16.0,5.0
2717,2013-02-02,15.0,7.0
2718,2013-02-03,16.0,7.0
2719,2013-02-04,18.0,8.0
2720,2013-02-05,18.0,6.0
2721,2013-02-06,16.0,8.0
2722,2013-02-07,13.0,6.0
2723,2013-02-08,9.0,3.0
2724,2013-02-09,11.0,2.0
2725,2013-02-10,11.0,2.0
2726,2013-02-11,11.0,5.0
2727,2013-02-12,10.0,6.0
2728,2013-02-13,11.0,4.0
2729,2013-02-14,11.0,5.0
2730,2013-02-15,14.0,3.0
2731,2013-02-16,15.0,4.0
2732,2013-02-17,14.0,7.0
2733,2013-02-18,13.0,7.0
2734,2013-02-19,12.0,3.0
2735,2013-02-20,11.0,5.0
2736,2013-02-21,12.0,6.0
2737,2013-02-22,15.0,4.0
2738,2013-02-23,16.0,8.0
2739,2013-02-24,18.0,5.0
2740,2013-02-25,17.0,6.0
2741,2013-02-26,18.0,8.0
2742,2013-02-27,20.0,9.0
2743,2013-02-28,17.0,10.0
2744,2013-03-01,15.0,9.0
2745,2013-03-02,17.0,6.0
2746,2013-03-03,17.0,6.0
2747,2013-03-04,19.0,7.0
2748,2013-03-05,20.0,7.0
2749,2013-03-06,21.0,9.0
2750,2013-03-07,24.0,9.0
2751,2013-03-08,25.0,11.0
2752,2013-03-09,26.0,10.0
2753,2013-03-10,25.0,10.0
2754,2013-03-11,22.0,11.0
2755,2013-03-12,22.0,11.0
2756,2013-03-13,25.0,10.0
2757,2013-03-14,22.0,13.0
2758,2013-03-15,21.0,13.0
2759,2013-03-16,23.0,13.0
2760,2013-03-17,23.0,14.0
2761,2013-03-18,24.0,14.0
2762,2013-03-19,22.0,12.0
2763,2013-03-20,25.0,12.0
2764,2013-03-21,24.0,10.0
2765,2013-03-22,23.0,13.0
2766,2013-03-23,23.0,13.0
2767,2013-03-24,24.0,10.0
2768,2013-03-25,20.0,15.0
2769,2013-03-26,23.0,13.0
2770,2013-03-27,25.0,13.0
2771,2013-03-28,25.0,12.0
2772,2013-04-01,25.0,15.0
2773,2013-04-02,23.0,15.0
2774,2013-04-03,24.0,14.0
2775,2013-04-04,24.0,15.0
2776,2013-04-05,18.0,12.0
2777,2013-04-06,21.0,9.0
2778,2013-04-07,21.0,9.0
2779,2013-04-08,22.0,10.0
2780,2013-04-09,19.0,13.0
2781,2013-04-10,19.0,12.0
2782,2013-04-11,18.0,11.0
2783,2013-04-12,18.0,11.0
2784,2013-04-13,24.0,10.0
2785,2013-04-14,25.0,12.0
2786,2013-04-15,27.0,14.0
2787,2013-04-16,30.0,16.0
2788,2013-04-17,28.0,15.0
2789,2013-04-18,30.0,16.0
2790,2013-04-19,26.0,16.0
2791,2013-04-20,27.0,17.0
2792,2013-04-21,25.0,14.0
2793,2013-04-22,25.0,16.0
2794,2013-04-23,26.0,16.0
2795,2013-04-24,27.0,17.0
2796,2013-04-25,27.0,16.0
2797,2013-04-26,30.0,16.0
2798,2013-04-27,31.0,16.0
2799,2013-04-28,28.0,18.0
2800,2013-05-01,25.0,18.0
2801,2013-05-02,24.0,17.0
2802,2013-05-03,27.0,16.0
2803,2013-05-04,24.0,17.0
2804,2013-05-05,24.0,16.0
2805,2013-05-06,23.0,16.0
2806,2013-05-07,23.0,16.0
2807,2013-05-08,23.0,16.0
2808,2013-05-09,23.0,16.0
2809,2013-05-10,28.0,16.0
2810,2013-05-11,30.0,15.0
2811,2013-05-12,30.0,16.0
2812,2013-05-13,29.0,16.0
2813,2013-05-14,29.0,18.0
2814,2013-05-15,26.0,19.0
2815,2013-05-16,24.0,17.0
2816,2013-05-17,20.0,16.0
2817,2013-05-18,28.0,15.0
2818,2013-05-19,30.0,18.0
2819,2013-05-20,31.0,18.0
2820,2013-05-21,32.0,19.0
2821,2013-05-22,33.0,19.0
2822,2013-05-23,30.0,20.0
2823,2013-05-24,28.0,21.0
2824,2013-05-25,28.0,18.0
2825,2013-05-26,32.0,18.0
2826,2013-05-27,32.0,20.0
2827,2013-05-28,27.0,21.0
2828,2013-06-01,30.0,18.0
2829,2013-06-02,32.0,18.0
2830,2013-06-03,32.0,20.0
2831,2013-06-04,34.0,21.0
2832,2013-06-05,29.0,20.0
2833,2013-06-06,31.0,21.0
2834,2013-06-07,31.0,22.0
2835,2013-06-08,29.0,21.0
2836,2013-06-09,28.0,19.0
2837,2013-06-10,31.0,18.0
2838,2013-06-11,32.0,19.0
2839,2013-06-12,31.0,20.0
2840,2013-06-13,31.0,20.0
2841,2013-06-14,30.0,22.0
2842,2013-06-15,30.0,22.0
2843,2013-06-16,31.0,24.0
2844,2013-06-17,32.0,23.0
2845,2013-06-18,32.0,24.0
2846,2013-06-19,31.0,24.0
2847,2013-06-20,28.0,22.0
2848,2013-06-21,29.0,23.0
2849,2013-06-22,29.0,23.0
2850,2013-06-23,29.0,23.0
2851,2013-06-24,27.0,22.0
2852,2013-06-25,29.0,22.0
2853,2013-06-26,31.0,22.0
2854,2013-06-27,33.0,23.0
2855,2013-06-28,33.0,23.0
2856,2013-07-01,27.0,23.0
2857,2013-07-02,29.0,23.0
2858,2013-07-03,32.0,24.0
2859,2013-07-04,30.0,24.0
2860,2013-07-05,31.0,23.0
2861,2013-07-06,32.0,24.0
2862,2013-07-07,33.0,24.0
2863,2013-07-08,31.0,24.0
2864,2013-07-09,28.0,23.0
2865,2013-07-10,26.0,23.0
2866,2013-07-11,24.0,21.0
2867,2013-07-12,27.0,22.0
2868,2013-07-13,29.0,24.0
2869,2013-07-14,33.0,24.0
2870,2013-07-15,32.0,24.0
2871,2013-07-16,31.0,24.0
2872,2013-07-17,27.0,22.0
2873,2013-07-18,27.0,22.0
2874,2013-07-19,27.0,22.0
2875,2013-07-20,29.0,23.0
2876,2013-07-21,30.0,23.0
2877,2013-07-22,27.0,23.0
2878,2013-07-23,29.0,23.0
2879,2013-07-24,30.0,23.0
2880,2013-07-25,32.0,24.0
2881,2013-07-26,32.0,24.0
2882,2013-07-27,33.0,24.0
2883,2013-07-28,32.0,24.0
2884,2013-08-01,32.0,24.0
2885,2013-08-02,33.0,24.0
2886,2013-08-03,33.0,23.0
2887,2013-08-04,34.0,25.0
2888,2013-08-05,33.0,24.0
2889,2013-08-06,33.0,24.0
2890,2013-08-07,30.0,24.0
2891,2013-08-08,28.0,21.0
2892,2013-08-09,30.0,22.0
2893,2013-08-10,30.0,21.0
2894,2013-08-11,29.0,23.0
2895,2013-08-12,31.0,23.0
2896,2013-08-13,33.0,23.0
2897,2013-08-14,34.0,23.0
2898,2013-08-15,34.0,24.0
2899,2013-08-16,34.0,25.0
2900,2013-08-17,34.0,24.0
2901,2013-08-18,35.0,24.0
2902,2013-08-19,35.0,24.0
2903,2013-08-20,34.0,25.0
2904,2013-08-21,33.0,24.0
2905,2013-08-22,34.0,24.0
2906,2013-08-23,36.0,24.0
2907,2013-08-24,35.0,24.0
2908,2013-08-25,32.0,24.0
2909,2013-08-26,33.0,24.0
2910,2013-08-27,31.0,24.0
2911,2013-08-28,29.0,24.0
2912,2013-09-01,27.0,20.0
2913,2013-09-02,23.0,19.0
2914,2013-09-03,23.0,19.0
2915,2013-09-04,23.0,19.0
2916,2013-09-05,22.0,18.0
2917,2013-09-06,23.0,18.0
2918,2013-09-07,23.0,18.0
2919,2013-09-08,23.0,17.0
2920,2013-09-09,26.0,18.0
2921,2013-09-10,27.0,19.0
2922,2013-09-11,27.0,20.0
2923,2013-09-12,28.0,19.0
2924,2013-09-13,28.0,19.0
2925,2013-09-14,30.0,19.0
2926,2013-09-15,31.0,21.0
2927,2013-09-16,28.0,21.0
2928,2013-09-17,29.0,22.0
2929,2013-09-18,28.0,22.0
2930,2013-09-19,26.0,21.0
2931,2013-09-20,26.0,20.0
2932,2013-09-21,26.0,19.0
2933,2013-09-22,25.0,19.0
2934,2013-09-23,26.0,20.0
2935,2013-09-24,27.0,20.0
2936,2013-09-25,24.0,19.0
2937,2013-09-26,22.0,16.0
2938,2013-09-27,23.0,14.0
2939,2013-09-28,26.0,14.0
2940,2013-10-01,25.0,15.0
2941,2013-10-02,24.0,17.0
2942,2013-10-03,24.0,17.0
2943,2013-10-04,22.0,16.0
2944,2013-10-05,23.0,17.0
2945,2013-10-06,24.0,17.0
2946,2013-10-07,27.0,16.0
2947,2013-10-08,28.0,16.0
2948,2013-10-09,30.0,16.0
2949,2013-10-10,30.0,16.0
2950,2013-10-11,30.0,18.0
2951,2013-10-12,29.0,17.0
2952,2013-10-13,29.0,17.0
2953,2013-10-14,29.0,17.0
2954,2013-10-15,23.0,16.0
2955,2013-10-16,17.0,13.0
2956,2013-10-17,17.0,12.0
2957,2013-10-18,17.0,13.0
2958,2013-10-19,19.0,12.0
2959,2013-10-20,18.0,13.0
2960,2013-10-21,18.0,14.0
2961,2013-10-22,22.0,15.0
2962,2013-10-23,24.0,14.0
2963,2013-10-24,24.0,13.0
2964,2013-10-25,22.0,13.0
2965,2013-10-26,19.0,14.0
2966,2013-10-27,20.0,13.0
2967,2013-10-28,20.0,14.0
2968,2013-11-01,18.0,12.0
2969,2013-11-02,20.0,13.0
2970,2013-11-03,17.0,13.0
2971,2013-11-04,18.0,13.0
2972,2013-11-05,19.0,13.0
2973,2013-11-06,20.0,13.0
2974,2013-11-07,18.0,13.0
2975,2013-11-08,17.0,12.0
2976,2013-11-09,19.0,13.0
2977,2013-11-10,16.0,13.0
2978,2013-11-11,17.0,12.0
2979,2013-11-12,17.0,11.0
2980,2013-11-13,15.0,11.0
2981,2013-11-14,16.0,10.0
2982,2013-11-15,18.0,8.0
2983,2013-11-16,19.0,8.0
2984,2013-11-17,20.0,7.0
2985,2013-11-18,19.0,8.0
2986,2013-11-19,18.0,8.0
2987,2013-11-20,18.0,9.0
2988,2013-11-21,16.0,11.0
2989,2013-11-22,15.0,11.0
2990,2013-11-23,13.0,8.0
2991,2013-11-24,15.0,6.0
2992,2013-11-25,14.0,5.0
2993,2013-11-26,13.0,6.0
2994,2013-11-27,14.0,6.0
2995,2013-11-28,15.0,5.0
2996,2013-12-01,15.0,4.0
2997,2013-12-02,15.0,4.0
2998,2013-12-03,17.0,3.0
2999,2013-12-04,15.0,3.0
3000,2013-12-05,17.0,4.0
3001,2013-12-06,17.0,4.0
3002,2013-12-07,15.0,2.0
3003,2013-12-08,13.0,5.0
3004,2013-12-09,14.0,4.0
3005,2013-12-10,13.0,4.0
3006,2013-12-11,12.0,5.0
3007,2013-12-12,11.0,2.0
3008,2013-12-13,14.0,3.0
3009,2013-12-14,11.0,6.0
3010,2013-12-15,13.0,5.0
3011,2013-12-16,14.0,0.0
3012,2013-12-17,11.0,-1.0
3013,2013-12-18,11.0,1.0
3014,2013-12-19,10.0,3.0
3015,2013-12-20,9.0,4.0
3016,2013-12-21,9.0,2.0
3017,2013-12-22,9.0,2.0
3018,2013-12-23,8.0,2.0
3019,2013-12-24,7.0,3.0
3020,2013-12-25,8.0,4.0
3021,2013-12-26,7.0,4.0
3022,2013-12-27,8.0,0.0
3023,2013-12-28,8.0,3.0
3024,2012/1/1,9.0,5.0
3025,2012/1/2,7.0,4.0
3026,2012/1/3,6.0,2.0
3027,2012/1/4,7.0,0.0
3028,2012/1/5,5.0,0.0
3029,2012/1/6,7.0,3.0
3030,2012/1/7,7.0,0.0
3031,2012/1/8,7.0,3.0
3032,2012/1/9,8.0,3.0
3033,2012/1/10,7.0,3.0
3034,2012/1/11,8.0,4.0
3035,2012/1/12,7.0,3.0
3036,2012/1/13,7.0,3.0
3037,2012/1/14,9.0,3.0
3038,2012/1/16,8.0,4.0
3039,2012/1/17,9.0,4.0
3040,2012/1/18,8.0,4.0
3041,2012/1/19,8.0,4.0
3042,2012/1/20,6.0,3.0
3043,2012/1/21,5.0,2.0
3044,2012/1/22,5.0,1.0
3045,2012/1/23,6.0,0.0
3046,2012/1/24,7.0,1.0
3047,2012/1/25,8.0,1.0
3048,2012/1/26,7.0,1.0
3049,2012/1/27,7.0,3.0
3050,2012/1/28,9.0,3.0
3051,2012/1/29,9.0,4.0
3052,2012/2/1,10.0,6.0
3053,2012/2/2,8.0,2.0
3054,2012/2/3,9.0,2.0
3055,2012/2/4,11.0,4.0
3056,2012/2/5,9.0,3.0
3057,2012/2/6,11.0,4.0
3058,2012/2/7,9.0,3.0
3059,2012/2/8,6.0,4.0
3060,2012/2/9,6.0,3.0
3061,2012/2/10,7.0,2.0
3062,2012/2/11,8.0,2.0
3063,2012/2/12,9.0,3.0
3064,2012/2/13,9.0,2.0
3065,2012/2/14,11.0,3.0
3066,2012/2/15,11.0,3.0
3067,2012/2/16,11.0,3.0
3068,2012/2/17,11.0,3.0
3069,2012/2/18,9.0,3.0
3070,2012/2/19,8.0,1.0
3071,2012/2/20,10.0,3.0
3072,2012/2/21,11.0,4.0
3073,2012/2/22,13.0,5.0
3074,2012/2/23,14.0,2.0
3075,2012/2/24,11.0,6.0
3076,2012/2/25,9.0,6.0
3077,2012/2/26,8.0,5.0
3078,2012/2/27,9.0,3.0
3079,2012/2/28,9.0,3.0
3080,2012/3/1,10.0,4.0
3081,2012/3/2,12.0,4.0
3082,2012/3/3,12.0,6.0
3083,2012/3/4,11.0,6.0
3084,2012/3/5,10.0,6.0
3085,2012/3/6,10.0,6.0
3086,2012/3/7,10.0,6.0
3087,2012/3/8,9.0,5.0
3088,2012/3/9,10.0,5.0
3089,2012/3/10,14.0,2.0
3090,2012/3/11,13.0,5.0
3091,2012/3/12,15.0,6.0
3092,2012/3/13,15.0,5.0
3093,2012/3/14,17.0,9.0
3094,2012/3/15,15.0,8.0
3095,2012/3/16,17.0,8.0
3096,2012/3/17,20.0,8.0
3097,2012/3/18,23.0,9.0
3098,2012/3/19,16.0,12.0
3099,2012/3/20,21.0,11.0
3100,2012/3/21,16.0,13.0
3101,2012/3/22,16.0,13.0
3102,2012/3/23,15.0,8.0
3103,2012/3/24,18.0,5.0
3104,2012/3/25,19.0,9.0
3105,2012/3/26,21.0,10.0
3106,2012/3/27,19.0,13.0
3107,2012/3/28,19.0,13.0
3108,2012-04-01,22.0,11.0
3109,2012-04-02,22.0,11.0
3110,2012-04-03,19.0,14.0
3111,2012-04-04,21.0,12.0
3112,2012-04-05,21.0,12.0
3113,2012-04-06,20.0,13.0
3114,2012-04-07,19.0,14.0
3115,2012-04-08,21.0,12.0
3116,2012-04-09,19.0,14.0
3117,2012-04-10,21.0,12.0
3118,2012-04-11,19.0,14.0
3119,2012-04-12,21.0,12.0
3120,2012-04-13,23.0,12.0
3121,2012-04-14,24.0,13.0
3122,2012-04-15,21.0,15.0
3123,2012-04-16,20.0,14.0
3124,2012-04-17,23.0,14.0
3125,2012-04-18,25.0,14.0
3126,2012-04-19,26.0,14.0
3127,2012-04-20,26.0,14.0
3128,2012-04-21,29.0,12.0
3129,2012-04-22,28.0,14.0
3130,2012-04-23,25.0,18.0
3131,2012-04-24,27.0,16.0
3132,2012-04-25,28.0,15.0
3133,2012-04-26,29.0,15.0
3134,2012-04-27,29.0,18.0
3135,2012-04-28,25.0,19.0
3136,2012-05-01,27.0,17.0
3137,2012-05-02,25.0,18.0
3138,2012-05-03,25.0,18.0
3139,2012-05-04,25.0,17.0
3140,2012-05-05,27.0,19.0
3141,2012-05-06,25.0,19.0
3142,2012-05-07,27.0,19.0
3143,2012-05-08,27.0,19.0
3144,2012-05-09,32.0,20.0
3145,2012-05-10,28.0,21.0
3146,2012-05-11,26.0,21.0
3147,2012-05-12,25.0,18.0
3148,2012-05-13,26.0,17.0
3149,2012-05-14,26.0,18.0
3150,2012-05-15,27.0,17.0
3151,2012-05-16,27.0,17.0
3152,2012-05-17,27.0,18.0
3153,2012-05-18,30.0,20.0
3154,2012-05-19,33.0,19.0
3155,2012-05-20,31.0,20.0
3156,2012-05-21,22.0,18.0
3157,2012-05-22,22.0,18.0
3158,2012-05-23,24.0,18.0
